run	calls	out	final_ctx	input_processed	wall_s
p9h-sake-agentic-cheat-r1-g1	62	42502	110620	4635053	385
p9h-sake-agentic-cheat-r1-g2	61	40068	104012	4536977	374
p9h-sake-agentic-cheat-r1-g3	93	55369	128972	8474551	546
p9h-sake-agentic-cheat-r1-g4	30	22896	113320	2387799	518
p9h-sake-oneshot-cheat-r1-g1	24	22852	81021	1352050	197
p9h-sake-oneshot-cheat-r1-g2	23	17599	73622	1271247	165
p9h-sake-oneshot-cheat-r1-g3	22	17881	70913	1145840	166
p9h-sake-oneshot-cheat-r1-g4	19	13335	66871	981961	133
p9h-sake-agentic-verify-r1-g1	57	49198	127242	5139112	441
p9h-sake-agentic-verify-r1-g2	63	58276	134157	5656665	535
p9h-sake-agentic-verify-r1-g3	39	35823	106686	2971867	334
p9h-sake-agentic-verify-r1-g4	45	34926	112605	3680200	441
