pilot/10-grids/game_of_life.sake	1	0	0
pilot/10-grids/game_of_life.sake	2	0	0
pilot/10-grids/game_of_life.sake	3	1	3
pilot/10-grids/game_of_life.sake	4	1	3
pilot/10-grids/maze_solver.sake	1	0	0
pilot/10-grids/maze_solver.sake	2	1	2
pilot/10-grids/maze_solver.sake	3	1	7
pilot/10-grids/maze_solver.sake	4	1	7
pilot/10-grids/sudoku.sake	1	0	0
pilot/10-grids/sudoku.sake	2	1	1
pilot/10-grids/sudoku.sake	3	1	2
pilot/10-grids/sudoku.sake	4	1	2
pilot/10-grids/tic_tac_toe.sake	1	1	1
pilot/10-grids/tic_tac_toe.sake	2	1	5
pilot/10-grids/tic_tac_toe.sake	3	1	5
pilot/10-grids/tic_tac_toe.sake	4	1	7
pilot/12-parsers/expr_parser.sake	1	0	0
pilot/12-parsers/expr_parser.sake	2	0	0
pilot/12-parsers/expr_parser.sake	3	1	7
pilot/12-parsers/expr_parser.sake	4	1	7
pilot/12-parsers/json_reader.sake	1	1	3
pilot/12-parsers/json_reader.sake	2	1	5
pilot/12-parsers/json_reader.sake	3	1	12
pilot/12-parsers/json_reader.sake	4	1	13
pilot/12-parsers/mini_lang.sake	1	1	1
pilot/12-parsers/mini_lang.sake	2	1	1
pilot/12-parsers/mini_lang.sake	3	1	2
pilot/12-parsers/mini_lang.sake	4	1	3
pilot/12-parsers/stack_vm.sake	1	1	4
pilot/12-parsers/stack_vm.sake	2	1	4
pilot/12-parsers/stack_vm.sake	3	1	7
pilot/12-parsers/stack_vm.sake	4	1	7
