corpus/05-sorting/triage_partition.rb	typeprof failed (exit 1): /home/ko1/.rbenv/versions/4.0.2/li	121
corpus/18-collections/access_log.rb	typeprof failed (exit 1): /home/ko1/.rbenv/versions/4.0.2/li	95
corpus/18-collections/room_bookings.rb	typeprof failed (exit 1): [FATAL] failed to allocate memory	109
corpus/11-simulation/cpu_scheduler.rb	typeprof failed (exit 1): [FATAL] failed to allocate memory	134
corpus/20-business/payroll.rb	typeprof failed (exit 1): [FATAL] failed to allocate memory	139
corpus/03-numtheory/goldbach.rb	typeprof failed (exit 1): [FATAL] failed to allocate memory	78
corpus/17-encodings/xor_breaker.rb	typeprof failed (exit 1): [FATAL] failed to allocate memory	86
corpus/14-errors/nested_schema.rb	typeprof failed (exit 1): [FATAL] failed to allocate memory	92
corpus/14-errors/password_policy.rb	typeprof failed (exit 1): [FATAL] failed to allocate memory	93
corpus/04-numeric/descriptive_stats.rb	typeprof failed (exit 1): [FATAL] failed to allocate memory	98
corpus/05-sorting/staff_multikey_sort.rb	typeprof failed (exit 1): [FATAL] failed to allocate memory	98
corpus/02-analytics/markov_text.rb	typeprof timeout (120 s)	100
corpus/18-collections/sparse_vectors.rb	typeprof timeout (120 s)	100
corpus/02-analytics/tf_idf.rb	typeprof timeout (120 s)	102
corpus/19-statemachines/tcp_states.rb	typeprof timeout (120 s)	108
corpus/19-statemachines/machine_mixin.rb	typeprof timeout (120 s)	112
corpus/14-errors/spreadsheet_errors.rb	typeprof timeout (120 s)	113
corpus/18-collections/course_overlap.rb	typeprof timeout (120 s)	115
corpus/02-analytics/naive_bayes.rb	typeprof timeout (120 s)	120
corpus/18-collections/inventory_diff.rb	typeprof timeout (120 s)	120
corpus/01-text/doc_pretty.rb	typeprof timeout (120 s)	121
corpus/18-collections/build_order.rb	typeprof timeout (120 s)	123
corpus/16-dates/date_parser.rb	typeprof timeout (120 s)	124
corpus/11-simulation/epidemic_network.rb	typeprof timeout (120 s)	126
corpus/09-dp/floyd_warshall.rb	typeprof timeout (120 s)	127
corpus/13-polymorphism/bitset_permissions.rb	typeprof timeout (120 s)	127
corpus/17-encodings/rolling_sync.rb	typeprof timeout (120 s)	127
corpus/11-simulation/bakery_shift.rb	typeprof timeout (120 s)	129
corpus/08-graphs/dijkstra_routes.rb	typeprof timeout (120 s)	131
corpus/16-dates/public_holidays.rb	typeprof timeout (120 s)	136
corpus/04-numeric/cubic_spline.rb	typeprof timeout (120 s)	137
corpus/13-polymorphism/collision_check.rb	typeprof timeout (120 s)	141
corpus/20-business/grade_book.rb	typeprof timeout (120 s)	141
corpus/06-linked/adjacency_list_courses.rb	typeprof timeout (120 s)	145
corpus/11-simulation/parking_garage.rb	typeprof timeout (120 s)	147
corpus/14-errors/expr_calculator.rb	typeprof timeout (120 s)	191
corpus/12-parsers/type_checker.rb	typeprof timeout (120 s)	213
corpus/18-collections/survey_venn.rb	typeprof timeout (120 s)	67
corpus/18-collections/leaderboard.rb	typeprof timeout (120 s)	71
corpus/08-graphs/euler_itinerary.rb	typeprof timeout (120 s)	76
corpus/02-analytics/caesar_crack.rb	typeprof timeout (120 s)	80
corpus/09-dp/dice_odds.rb	typeprof timeout (120 s)	81
corpus/01-text/classic_ciphers.rb	typeprof timeout (120 s)	90
corpus/08-graphs/prim_cables.rb	typeprof timeout (120 s)	94
corpus/12-parsers/chem_formula.rb	typeprof timeout (120 s)	95
corpus/11-simulation/forest_fire.rb	typeprof timeout (120 s)	96
corpus/11-simulation/langton_ants.rb	typeprof timeout (120 s)	98
corpus/18-collections/tag_recommender.rb	typeprof timeout (120 s)	98
corpus/15-data/top_products.rb	typeprof timeout (120 s)	99
