timeout	path	loc	defs	classes	blocks	mp_blocks	recursion	struct	data_define	comparable	set	sort_by_array_key	hash_lits	hash_mixed_values	max_lit_depth	max_array_len	max_hash_len	lit_elems	mp_methods
0	01-text/ascii_table.rb	107	12	1	14	3	0	0	0	0	0	0	2	0	2	6	2	63	map:2,each_with_index:1
0	01-text/bwt_rle.rb	89	7	1	8	0	0	0	0	0	0	0	0	0	1	5	0	9	
0	01-text/case_convert.rb	94	11	1	9	3	0	0	0	0	0	0	0	0	1	10	0	22	each_with_index:1,each:1,sort_by:1
1	01-text/classic_ciphers.rb	80	9	0	13	4	0	0	0	0	0	0	0	0	1	26	0	33	each_with_index:1,min_by:1,sort_by:1,map:1
0	01-text/columnize.rb	61	8	1	6	0	0	0	0	0	0	0	0	0	1	22	0	26	
0	01-text/csv_report.rb	123	8	2	5	1	0	0	0	0	0	0	0	0	1	3	0	5	to_h:1
0	01-text/date_format.rb	114	12	2	8	0	0	0	0	0	0	0	0	0	1	12	0	46	
1	01-text/doc_pretty.rb	110	14	1	7	2	2	0	0	0	0	0	2	2	3	3	6	73	reduce:1,map:1
0	01-text/human_format.rb	87	7	0	8	2	0	0	0	0	0	0	0	0	2	10	0	75	each:2
0	01-text/inflector.rb	107	9	2	4	1	0	0	0	0	1	0	1	0	2	12	6	53	map:1
0	01-text/ini_config.rb	124	10	2	8	2	2	0	0	0	0	0	0	0	1	3	0	15	each_with_index:1,each:1
0	01-text/json_pretty.rb	167	17	2	9	4	4	0	0	0	0	0	1	0	2	6	0	19	each:1,map:2,each_with_index:1
0	01-text/justify_text.rb	71	6	0	7	3	0	0	0	0	0	0	0	0	1	4	0	7	each_with_index:2,map:1
0	01-text/line_diff.rb	97	8	1	11	1	0	0	0	0	0	0	0	0	1	2	0	8	map:1
0	01-text/markdown_html.rb	117	8	1	4	1	0	0	0	0	0	0	1	0	1	1	4	6	map:1
0	01-text/markdown_table.rb	112	12	2	11	5	0	0	0	0	0	0	0	0	1	6	0	7	map:3,each_with_index:2
0	01-text/number_words.rb	93	10	0	6	2	2	0	0	0	0	0	1	0	2	20	7	119	each:2
0	01-text/outline_number.rb	116	9	2	7	5	1	0	0	0	0	0	0	0	2	5	0	29	each_with_index:2,each:2,walk:1
0	01-text/slugify.rb	82	10	1	8	0	0	0	0	0	2	0	1	0	1	11	22	36	
0	01-text/spell_suggest.rb	90	9	1	8	3	0	0	0	1	0	0	0	0	2	5	0	34	to_h:1,filter_map:1,each:1
0	01-text/template_render.rb	82	7	1	5	3	0	0	0	0	0	0	3	3	3	7	5	20	reduce:2,each_with_index:1
0	01-text/text_box.rb	86	6	1	8	1	0	0	0	0	0	0	4	0	1	2	6	27	map:1
0	01-text/text_stats.rb	57	8	0	8	3	0	0	0	0	1	1	0	0	1	2	0	2	sort_by:1,map:1,each:1
0	01-text/whitespace_tidy.rb	97	10	1	13	4	0	0	0	0	0	0	0	0	1	3	0	7	max_by:1,map:2,each_with_index:1
0	01-text/word_wrap.rb	94	7	1	8	2	0	0	0	0	0	0	0	0	1	2	0	2	each_with_index:2
0	02-analytics/access_log_urls.rb	114	6	2	16	2	0	0	0	0	2	1	3	1	2	14	4	20	sort_by:1,each:1
0	02-analytics/anagram_groups.rb	72	6	0	13	6	0	0	0	0	0	0	1	0	2	5	0	15	all?:1,select:1,reject:1,max_by:1,each:2
0	02-analytics/autocomplete.rb	84	9	1	12	5	0	0	0	0	0	1	2	0	1	7	0	13	sort_by:1,each:2,map:1,max_by:1
1	02-analytics/caesar_crack.rb	70	8	0	9	5	0	0	0	0	0	0	2	0	2	4	26	38	each:2,min_by:1,sort_by:1,map:1
0	02-analytics/cooccurrence_pmi.rb	89	7	0	17	7	0	0	0	0	2	0	1	0	1	12	0	26	each_with_index:2,each:3,sort_by:2
0	02-analytics/csv_pivot.rb	101	7	2	9	2	0	0	0	0	0	0	1	0	1	2	0	4	each_with_index:2
0	02-analytics/email_domains.rb	82	9	2	9	1	0	0	0	0	1	0	0	0	1	4	0	6	max_by:1
0	02-analytics/hashtag_trends.rb	85	5	1	19	6	0	0	0	0	1	1	3	0	1	12	0	16	sort_by:1,each:4,max_by:1
0	02-analytics/inverted_index.rb	114	11	2	14	3	0	0	0	0	3	0	2	0	1	8	0	17	each_with_index:1,all?:1,each:1
0	02-analytics/kwic_concordance.rb	68	6	0	13	9	0	0	0	0	1	1	1	0	1	4	0	12	each_with_index:2,each:2,sort_by:1,map:2,select:2
0	02-analytics/language_guess.rb	72	5	0	13	7	0	0	0	0	2	2	2	0	2	6	4	28	sort_by:2,each_with_index:1,each:3,map:1
0	02-analytics/log_summary.rb	93	6	1	16	2	0	0	0	0	0	0	1	0	1	4	0	4	each:1,max_by:1
1	02-analytics/markov_text.rb	90	7	1	12	8	0	0	0	0	0	0	2	0	1	3	0	5	each_with_index:1,sort_by:1,sum:1,each:3,max_by:1,map:1
1	02-analytics/naive_bayes.rb	106	10	1	17	9	0	0	0	0	2	1	2	0	2	12	0	63	each:5,max_by:1,sort_by:1,map:1,select:1
0	02-analytics/near_duplicates.rb	87	8	0	15	2	0	0	0	0	3	0	3	0	1	12	8	20	each_with_index:2
0	02-analytics/ngram_counts.rb	75	9	1	10	7	0	0	0	1	0	0	1	0	1	4	0	8	each_cons:1,map:3,each:1,sort_by:1,max_by:1
0	02-analytics/rake_keywords.rb	158	14	2	22	4	0	0	0	1	4	1	3	1	1	3	4	11	each_cons:1,select:1,each:2
0	02-analytics/readability.rb	88	8	1	8	3	0	0	0	0	0	0	1	0	1	6	0	10	each_with_index:1,each:1,max_by:1
0	02-analytics/rhyme_scheme.rb	78	6	0	7	4	0	0	0	0	1	0	4	0	2	6	7	29	each:2,select:1,reject:1
0	02-analytics/sentiment_lexicon.rb	109	10	2	9	2	0	0	0	0	1	0	3	0	1	8	17	39	sort_by:1,each:1
0	02-analytics/soundex_index.rb	69	5	1	10	3	0	0	0	0	0	0	4	0	1	15	6	34	each:3
0	02-analytics/spell_suggest.rb	75	8	0	9	0	0	0	0	0	2	0	1	0	1	12	0	20	
1	02-analytics/tf_idf.rb	88	9	0	27	16	0	0	0	0	0	0	3	0	1	8	5	19	each:5,sum:1,sort_by:4,select:2,map:3,each_with_index:1
0	02-analytics/vocabulary_growth.rb	73	5	0	11	8	0	0	0	0	1	1	1	0	1	2	0	6	each_with_index:4,map:2,each:1,sort_by:1
0	02-analytics/word_frequency.rb	67	10	1	6	3	0	0	0	1	1	0	0	0	0	0	0	0	map:1,each_with_index:1,select:1
0	03-numtheory/base_conversion.rb	90	6	1	11	3	0	0	0	0	0	0	0	0	2	8	0	59	reduce:1,each:2
0	03-numtheory/calendar_congruences.rb	89	8	0	13	3	0	0	0	0	0	1	1	1	2	7	12	59	each:1,max_by:1,each_with_index:1
0	03-numtheory/check_digits.rb	110	9	0	13	4	0	0	0	0	0	0	0	0	1	5	0	20	each_with_index:4
0	03-numtheory/collatz_stats.rb	68	6	1	7	1	0	0	0	0	0	0	1	0	1	1	1	2	count:1
0	03-numtheory/continued_fractions.rb	93	6	0	7	0	0	0	0	0	0	0	2	0	1	8	2	28	
0	03-numtheory/digit_curiosities.rb	83	8	0	15	3	0	0	0	0	0	0	0	0	1	5	0	19	reduce:3
0	03-numtheory/egyptian_fractions.rb	84	5	0	11	0	0	0	0	0	0	0	0	0	1	5	0	18	
0	03-numtheory/factor_functions.rb	66	8	0	18	10	0	0	0	0	0	1	2	0	1	12	0	19	map:4,reduce:3,each:1,any?:1,sort_by:1
0	03-numtheory/farey_stern_brocot.rb	90	6	0	11	2	0	0	0	0	0	0	0	0	2	7	0	52	all?:1,each:1
0	03-numtheory/fibonacci_numbers.rb	90	11	1	17	1	1	0	0	0	0	0	0	0	1	5	0	17	all?:1
0	03-numtheory/goldbach.rb	64	3	0	22	5	0	0	0	0	0	1	2	0	1	4	0	15	map:2,min_by:1,max_by:1,sort_by:1
0	03-numtheory/happy_cycles.rb	54	3	0	9	2	0	0	0	0	0	1	2	0	1	2	0	3	each:1,sort_by:1
0	03-numtheory/integer_partitions.rb	73	4	0	15	1	1	0	0	0	0	0	0	0	2	6	0	28	each:1
0	03-numtheory/linear_diophantine.rb	94	7	2	6	3	0	0	0	0	0	0	2	0	2	5	4	63	each:2,map:1
0	03-numtheory/linear_sieve.rb	85	3	1	11	0	0	0	0	0	0	0	1	0	1	8	0	16	
0	03-numtheory/miller_rabin.rb	69	6	0	10	0	0	0	0	0	0	0	0	0	1	12	0	28	
0	03-numtheory/modular_crt.rb	106	13	3	6	3	0	0	0	1	0	0	0	0	3	4	0	47	each:1,map:1,all?:1
0	03-numtheory/perfect_amicable.rb	80	5	0	10	2	0	0	0	0	0	0	5	3	1	6	3	28	each:2
0	03-numtheory/pollard_rho.rb	105	9	1	9	1	4	0	0	0	0	0	0	0	1	12	0	26	map:1
0	03-numtheory/primitive_roots.rb	109	7	1	17	1	0	0	0	0	0	0	2	0	2	9	0	33	each:1
0	03-numtheory/pythagorean_triples.rb	76	12	1	11	0	0	0	0	1	0	1	1	0	1	3	0	9	
0	03-numtheory/quadratic_residues.rb	112	6	1	13	1	0	0	0	0	0	0	0	0	2	6	0	35	each:1
0	03-numtheory/repeating_decimals.rb	75	5	0	9	1	0	0	0	0	0	0	3	2	2	9	3	40	each:1
0	03-numtheory/rsa_toy.rb	99	13	2	9	2	0	0	0	0	0	0	0	0	1	3	0	13	reduce:2
0	03-numtheory/sieve_primes.rb	72	5	0	11	4	0	0	0	0	0	1	1	1	1	3	3	8	each_with_index:1,select:1,map:1,each:1
0	04-numeric/bezier_curves.rb	97	11	0	11	6	2	0	0	0	0	0	1	0	4	5	4	80	map:2,reduce:2,each_with_index:1,each:1
0	04-numeric/correlation_matrix.rb	97	5	0	14	6	0	0	0	0	0	0	3	0	2	12	5	104	select:2,each_with_index:3,each:1
1	04-numeric/cubic_spline.rb	120	10	2	15	4	0	0	0	0	0	0	1	0	1	3	3	18	each_with_index:2,each:1,min_by:1
0	04-numeric/curve_fitting.rb	116	16	3	26	5	0	0	0	0	0	0	0	0	2	12	0	44	map:2,reduce:1,each:1,max_by:1
0	04-numeric/descriptive_stats.rb	85	10	1	12	3	0	0	0	0	0	0	1	0	2	12	9	49	max_by:1,each:1,sort_by:1
0	04-numeric/eigenvalues.rb	121	11	1	34	6	0	0	0	0	0	0	1	0	4	3	3	36	map:5,each:1
0	04-numeric/float_accuracy.rb	100	10	1	7	2	2	0	0	0	0	0	0	0	3	5	0	28	reduce:1,each:1
0	04-numeric/fourier_spectrum.rb	91	11	1	17	8	2	0	0	0	0	0	0	0	1	2	0	4	each_with_index:2,partition:1,map:2,select:1,each:1,sort_by:1
0	04-numeric/gaussian_elimination.rb	103	7	1	29	8	0	0	0	0	0	0	1	0	4	4	3	100	reduce:2,map:2,sum:1,each:1,each_with_index:2
0	04-numeric/histogram_fit.rb	100	10	2	14	2	0	0	0	0	0	0	0	0	1	3	0	7	each:1,each_cons:1
0	04-numeric/interval_arithmetic.rb	126	20	2	3	0	0	0	0	0	0	0	1	0	1	4	4	14	
0	04-numeric/linear_regression.rb	97	6	2	12	9	0	0	0	0	0	0	1	0	1	18	0	25	each:3,map:3,each_with_index:1,sort_by:1,max_by:1
0	04-numeric/loan_amortization.rb	119	9	3	9	1	0	0	0	0	0	0	4	0	2	4	0	23	each:1
0	04-numeric/lu_decomposition.rb	107	12	2	33	4	0	0	0	0	0	0	0	0	2	4	0	56	reduce:2,each_with_index:2
0	04-numeric/matrix_ops.rb	140	19	2	19	3	0	0	0	0	0	0	0	0	2	3	0	42	map:2,each:1
0	04-numeric/monte_carlo.rb	103	12	2	12	2	0	0	0	0	0	0	0	0	2	3	0	11	each:1,sum:1
0	04-numeric/numeric_integration.rb	120	9	1	14	1	2	0	0	0	0	0	0	0	2	5	0	28	each:1
0	04-numeric/numerical_derivatives.rb	95	10	0	22	3	0	0	0	0	0	0	1	0	2	5	0	25	each:1,map:1,each_with_index:1
0	04-numeric/ode_solver.rb	87	8	1	13	5	0	0	0	0	0	0	0	0	1	4	0	24	integrate:3,rk4_step:1,each:1
0	04-numeric/optimization.rb	123	11	1	6	1	0	0	0	0	0	0	0	0	2	4	0	30	each:1
0	04-numeric/polynomial.rb	125	14	1	17	5	0	0	0	0	0	0	0	0	2	5	0	47	each_with_index:3,reduce:2
0	04-numeric/root_finding.rb	112	9	3	16	0	0	0	0	0	0	0	0	0	2	4	0	22	
0	04-numeric/special_functions.rb	129	9	1	12	1	2	0	0	0	0	0	1	0	1	9	0	35	map:1
0	04-numeric/time_series.rb	94	8	1	16	7	0	0	0	0	0	0	0	0	1	40	0	53	map:2,each_with_index:2,each:2,slice_when:1
0	04-numeric/vector_geometry.rb	95	18	2	7	2	0	0	0	1	0	0	0	0	1	4	0	13	each_with_index:2
0	05-sorting/autocomplete_msd.rb	65	6	0	7	3	1	0	0	0	0	1	0	0	1	6	0	10	min_by:1,chunk_while:1,each_cons:1
0	05-sorting/bisect_on_answer.rb	124	7	1	9	3	0	0	0	0	0	0	1	0	2	15	9	50	each:2,each_with_index:1
0	05-sorting/bucket_sort_ratings.rb	79	5	1	8	1	0	0	0	0	0	0	0	0	1	12	0	18	each_with_index:1
0	05-sorting/external_sort_sim.rb	128	9	3	11	5	0	0	0	0	0	0	0	0	2	4	0	18	each_with_index:3,each:2
0	05-sorting/gift_two_pointers.rb	105	7	1	7	3	0	0	0	0	0	0	1	0	1	4	12	29	each_with_index:1,map:1,each:1
0	05-sorting/gradebook_insertion.rb	77	6	1	8	3	0	0	0	0	0	0	0	0	1	9	0	21	map:1,each:2
0	05-sorting/hashtag_trends.rb	64	6	1	11	5	0	0	0	1	0	1	1	0	2	16	0	56	map:1,sort_by:1,select:1,each:1,count:1
0	05-sorting/heap_scheduler.rb	111	11	2	7	1	0	0	0	1	0	0	0	0	2	7	0	33	each_with_index:1
0	05-sorting/kway_log_merge.rb	132	12	2	11	3	0	0	0	1	0	0	1	0	2	5	4	22	each:2,select:1
0	05-sorting/leaderboard_insert.rb	86	8	2	6	4	0	0	0	1	0	0	1	0	2	14	0	45	each:2,each_cons:1,select:1
0	05-sorting/library_catalog.rb	117	10	2	11	1	0	0	0	1	0	0	8	0	2	9	1	25	each:1
0	05-sorting/log_time_bisect.rb	107	8	1	5	2	0	0	0	0	0	0	0	0	2	12	0	80	map:1,each:1
0	05-sorting/meeting_intervals.rb	106	10	2	10	7	0	0	0	0	0	0	0	0	2	9	0	53	each:2,map:3,sum:1,select:1
0	05-sorting/merge_sort_inversions.rb	73	5	0	10	6	2	0	0	0	0	1	2	0	2	12	4	62	each_with_index:5,sort_by:1
0	05-sorting/natural_runs_sort.rb	155	10	2	3	0	0	0	0	0	0	0	0	0	1	20	0	25	
0	05-sorting/probe_count_search.rb	120	11	1	9	1	0	0	0	0	0	0	1	0	1	6	3	16	each:1
0	05-sorting/quicksort_median3.rb	110	10	2	10	1	2	0	0	0	0	0	0	0	1	14	0	18	all?:1
0	05-sorting/radix_order_ids.rb	86	4	1	11	1	0	0	0	0	0	0	0	0	1	12	0	19	each_cons:1
0	05-sorting/sensor_quickselect.rb	98	6	0	10	2	0	0	0	0	0	0	1	0	2	21	0	73	each:2
0	05-sorting/shell_sort_gaps.rb	89	7	0	9	1	0	0	0	0	0	0	1	0	1	8	6	21	each:1
0	05-sorting/sorted_matrix_search.rb	99	6	0	6	0	0	0	0	0	0	0	0	0	2	10	0	87	
0	05-sorting/staff_multikey_sort.rb	83	6	1	10	5	2	0	0	0	0	0	1	1	1	10	2	20	merge_sort:4,max_by:1
0	05-sorting/trail_peak_search.rb	99	8	2	7	0	0	0	0	0	0	0	0	0	2	12	0	47	
0	05-sorting/triage_partition.rb	103	7	1	8	1	2	0	0	0	0	0	0	0	2	10	0	24	chunk_while:1
0	05-sorting/version_resolver.rb	88	8	1	14	0	0	0	0	1	0	0	0	0	1	16	0	39	
1	06-linked/adjacency_list_courses.rb	130	10	4	13	3	0	0	0	0	0	0	3	0	1	0	1	1	each:1,flat_map:1,select:1
0	06-linked/bank_teller_sim.rb	130	13	4	9	1	0	0	0	0	0	0	1	0	3	3	4	25	map:1
0	06-linked/browser_history.rb	111	7	2	4	3	0	0	0	0	0	0	0	0	2	13	0	39	each:1,each_with_index:1,map:1
0	06-linked/chained_hash_table.rb	125	10	2	12	4	0	0	0	0	0	1	0	0	1	5	0	12	each_pair:2,sort_by:1,map:1
0	06-linked/circular_playlist.rb	125	11	2	10	3	0	0	0	0	0	0	0	0	2	6	0	24	each:2,sort_by:1
0	06-linked/cycle_detection.rb	114	7	1	5	3	0	0	0	0	1	0	2	2	2	6	4	38	map:1,each_cons:1,each:1
0	06-linked/deque_sliding_window.rb	125	13	2	10	1	0	0	0	0	0	0	0	0	1	15	0	23	each_with_index:1
0	06-linked/digit_list_bignum.rb	149	13	2	6	1	0	0	0	1	0	0	0	0	1	5	0	8	reduce:1
0	06-linked/free_list_pool.rb	108	9	3	5	2	0	0	0	0	0	0	1	0	1	0	0	0	each_used:2
0	06-linked/josephus_circle.rb	76	5	1	8	2	0	0	0	0	0	1	0	0	1	7	0	18	each:1,sort_by:1
0	06-linked/lfu_cache_buckets.rb	140	12	3	3	1	0	0	0	0	0	0	1	0	2	16	0	64	each:1
0	06-linked/list_toolkit.rb	155	13	1	9	3	1	0	0	0	1	0	0	0	1	10	0	24	fold:3
0	06-linked/lru_cache.rb	130	10	2	5	1	0	0	0	0	0	0	1	0	2	16	0	35	each:1
0	06-linked/markup_tag_checker.rb	93	4	2	4	2	0	0	0	0	1	1	0	0	2	6	0	22	each_with_index:1,each:1
0	06-linked/merge_log_streams.rb	119	11	1	6	0	2	0	0	1	0	0	0	0	1	4	0	4	
0	06-linked/monotonic_stack_prices.rb	101	11	2	5	2	0	0	0	0	0	0	0	0	2	10	0	38	map:1,each_with_index:1
0	06-linked/ring_buffer_metrics.rb	87	8	2	6	1	0	0	0	0	0	0	1	0	2	15	0	45	each_with_index:1
0	06-linked/rpn_stack_calculator.rb	128	13	4	3	1	0	0	0	0	0	0	0	0	1	11	0	23	each_with_index:1
0	06-linked/singly_linked_list.rb	136	12	2	5	0	0	0	0	0	0	0	0	0	1	7	0	12	
0	06-linked/skip_list_index.rb	114	9	2	14	5	0	0	0	0	0	0	0	0	1	5	0	11	each_with_index:1,map:4
0	06-linked/sparse_matrix_rows.rb	142	15	3	18	8	0	0	0	0	0	0	0	0	2	4	0	58	each_with_index:2,each_in_row:6
0	06-linked/sparse_polynomial.rb	118	13	2	13	10	0	0	0	0	0	0	0	0	2	4	0	43	each:1,each_term:9
0	06-linked/triage_priority_list.rb	139	11	4	1	0	0	0	0	1	0	0	1	0	1	17	0	17	
0	06-linked/two_stack_print_queue.rb	113	11	3	4	2	0	0	0	0	0	0	13	7	2	12	3	44	each:1,sort_by:1
0	06-linked/undo_redo_editor.rb	128	19	6	1	1	0	0	0	0	0	0	0	0	2	19	0	76	each:1
0	07-trees/avl_tree.rb	135	15	2	5	1	11	0	0	0	0	0	0	0	2	16	0	33	each_with_index:1
0	07-trees/bill_of_materials.rb	124	10	3	12	9	4	0	0	0	0	1	3	0	1	3	0	10	each:5,sum:1,select:1,any?:1,sort_by:1
0	07-trees/bst_basic.rb	120	12	1	6	4	13	0	0	0	0	0	0	0	1	4	0	9	each_inorder:3,each_with_index:1
0	07-trees/btree.rb	110	12	2	8	2	3	0	0	0	0	0	0	0	1	22	0	36	each_with_index:2
0	07-trees/decision_tree.rb	114	10	2	21	3	4	0	0	0	0	0	0	0	1	4	0	17	max_by:1,each:1,reduce:1
0	07-trees/dom_tree.rb	166	13	3	15	2	3	0	0	0	0	1	1	0	1	8	0	19	map:1,sort_by:1
0	07-trees/expression_tree.rb	200	21	6	2	0	12	0	0	0	0	0	2	1	1	12	3	22	
0	07-trees/fenwick_ranks.rb	86	8	1	7	4	0	0	0	0	0	0	1	0	2	8	0	61	each_with_index:1,sum:1,each:1,map:1
0	07-trees/filesystem_du.rb	118	10	3	15	4	1	0	0	0	0	0	1	0	1	6	0	6	reduce:2,each:1,sort_by:1
0	07-trees/heap_scheduler.rb	119	13	2	5	1	0	0	0	1	0	0	1	0	1	9	0	11	max_by:1
0	07-trees/huffman.rb	92	11	2	6	3	4	0	0	0	0	1	1	0	1	2	0	4	each_with_index:1,sort_by:1,each:1
0	07-trees/interval_bookings.rb	121	14	4	6	2	6	0	0	0	0	0	0	0	2	11	0	55	each:2
0	07-trees/ip_route_trie.rb	135	16	4	9	1	4	0	0	0	0	0	0	0	1	9	0	18	reduce:1
0	07-trees/kd_tree.rb	121	10	3	6	3	10	0	0	0	0	0	0	0	2	5	0	38	find_index:1,each:2
0	07-trees/lazy_seat_inventory.rb	124	17	3	3	1	8	0	0	0	0	0	0	0	2	10	0	54	each:1
0	07-trees/merkle_sync.rb	96	13	2	8	6	4	0	0	0	0	0	2	0	2	3	1	17	reduce:3,map:3
0	07-trees/org_chart.rb	122	11	2	15	2	1	0	0	0	1	0	1	0	2	5	0	18	each_with_index:1,each:1
0	07-trees/quadtree.rb	116	14	4	8	0	0	0	0	0	0	0	1	0	1	4	1	5	
0	07-trees/rope_editor.rb	127	15	2	5	1	8	0	0	0	0	0	0	0	2	7	0	46	each:1
0	07-trees/segment_tree_stats.rb	89	9	1	5	3	8	0	0	0	0	0	2	0	2	28	3	68	each:2,reduce:1
0	07-trees/spanning_tree.rb	133	9	2	13	2	1	0	0	0	1	0	1	0	2	8	3	37	each:2
0	07-trees/taxonomy_lca.rb	116	8	1	17	3	0	0	0	0	0	0	1	0	3	27	0	139	each:3
0	07-trees/traversals.rb	141	12	1	12	4	9	0	0	0	1	0	1	0	2	4	0	38	new:1,map:1,each:2
0	07-trees/tree_codec.rb	115	12	2	2	0	10	0	0	0	0	0	0	0	2	7	0	34	
0	07-trees/trie_autocomplete.rb	113	10	2	9	1	1	0	0	0	0	1	1	0	1	5	0	18	sort_by:1
0	08-graphs/astar_terrain.rb	125	12	2	5	2	0	0	0	1	0	0	2	0	2	7	1	41	each_with_index:1,each:1
0	08-graphs/bellman_ford.rb	102	9	2	6	0	0	0	0	0	0	0	2	0	1	3	1	11	
0	08-graphs/centrality.rb	89	5	0	14	4	0	0	0	0	0	0	2	0	2	14	1	46	new:2,each:1,count:1
0	08-graphs/course_schedule.rb	106	7	3	11	3	0	0	0	0	0	0	2	0	1	11	0	18	each_with_object:1,each:1,each_with_index:1
0	08-graphs/critical_links.rb	93	10	2	8	1	1	0	0	0	1	0	0	0	2	10	0	78	each:1
0	08-graphs/critical_path.rb	111	12	2	13	2	1	0	0	0	0	0	2	0	1	10	0	22	new:1,each:1
0	08-graphs/currency_paths.rb	77	6	1	7	5	0	0	0	0	1	0	1	0	3	5	0	50	new:1,each:4
1	08-graphs/dijkstra_routes.rb	117	11	1	6	3	0	0	0	0	1	1	3	0	2	19	1	91	each:2,max_by:1
0	08-graphs/dot_stats.rb	107	6	2	8	3	0	0	0	0	0	0	2	2	2	2	7	14	each_with_index:1,count:2
1	08-graphs/euler_itinerary.rb	68	6	1	7	4	0	0	0	0	0	0	1	0	1	1	0	1	each:2,map:1,max_by:1
0	08-graphs/exam_slots.rb	84	7	1	16	4	0	0	0	0	3	1	2	0	2	3	8	31	each:2,each_with_index:1,map:1
0	08-graphs/floyd_transit.rb	87	6	0	19	3	0	0	0	0	0	0	0	0	2	9	0	59	each:2,each_with_index:1
0	08-graphs/friend_groups.rb	98	6	0	12	1	0	0	0	0	3	0	1	0	1	4	0	7	each_with_index:1
0	08-graphs/intern_matching.rb	77	6	2	10	3	1	0	0	0	1	0	1	0	2	7	0	24	each_with_index:2,each:1
0	08-graphs/kruskal_network.rb	94	9	2	3	0	0	0	0	1	0	0	1	1	1	7	3	19	
0	08-graphs/land_islands.rb	100	9	1	8	4	0	0	0	0	1	0	3	0	2	20	0	97	each:2,each_with_index:1,count:1
0	08-graphs/make_rebuild.rb	109	11	3	7	3	1	0	0	0	3	0	2	0	1	2	11	13	to_h:1,reject:2
0	08-graphs/maze_bfs.rb	95	8	1	6	3	0	0	0	0	0	0	1	0	2	4	1	18	each_with_index:1,filter_map:1,each:1
0	08-graphs/metro_transfers.rb	102	5	1	13	6	0	0	0	0	0	0	2	0	2	5	0	44	new:1,each:3,map:1,reject:1
0	08-graphs/org_chart_lca.rb	100	7	1	16	2	1	0	0	0	0	0	2	0	2	17	0	51	each:2
0	08-graphs/pipeline_flow.rb	99	9	1	9	6	0	0	0	0	1	0	2	0	2	9	1	108	filter_map:1,each:2,select:1,sum:1,map:1
1	08-graphs/prim_cables.rb	84	10	2	10	6	0	0	0	0	0	0	0	0	2	10	0	52	reduce:1,map:1,each:2,max_by:2
0	08-graphs/rival_teams.rb	71	6	0	8	2	0	0	0	0	0	0	4	2	2	8	3	78	new:1,each:1
0	08-graphs/tarjan_scc.rb	98	6	1	13	5	1	0	0	0	2	0	4	0	1	2	0	2	each_with_index:2,each:2,sort_by:1
0	08-graphs/word_ladder.rb	77	5	0	10	2	0	0	0	0	1	0	2	0	2	7	1	30	max_by:1,each:1
0	09-dp/coin_change.rb	103	6	1	12	2	0	0	0	0	0	0	0	0	3	6	0	58	map:1,each:1
0	09-dp/company_party.rb	108	7	2	8	1	4	0	0	0	0	0	4	0	1	4	2	12	each:1
0	09-dp/critical_path.rb	128	8	2	13	1	1	0	0	0	0	0	6	0	1	2	4	10	max_by:1
0	09-dp/decode_ways.rb	80	7	0	9	0	2	0	0	0	0	0	2	0	1	8	0	18	
1	09-dp/dice_odds.rb	69	8	1	12	7	0	0	0	0	0	0	1	0	2	6	1	39	each:2,sum:2,select:1,each_with_index:1,max_by:1
0	09-dp/digit_counting.rb	68	10	0	11	2	3	0	0	0	0	0	3	0	2	5	0	32	none?:1,each:1
0	09-dp/edit_distance.rb	82	7	0	14	4	0	0	0	0	0	0	0	0	2	12	0	50	select:1,sort_by:1,map:1,each:1
0	09-dp/egg_drop.rb	76	4	0	14	1	0	0	0	0	0	0	0	0	2	6	0	33	each:1
1	09-dp/floyd_warshall.rb	114	7	2	17	5	0	0	0	0	0	0	1	0	2	12	0	91	each:3,each_with_index:1,min_by:1
0	09-dp/grid_paths.rb	115	9	1	15	2	0	0	0	0	0	0	1	0	1	4	5	11	chunk_while:1,each:1
0	09-dp/held_karp.rb	96	5	1	13	1	0	0	0	0	1	0	0	0	1	8	0	19	each_cons:1
0	09-dp/house_robber.rb	89	7	1	5	2	6	0	0	0	0	0	0	0	2	10	0	64	each_with_index:1,each:1
0	09-dp/interval_scheduling.rb	104	10	2	7	0	0	0	0	1	0	0	0	0	1	2	0	7	
0	09-dp/knapsack_01.rb	81	5	1	8	1	0	0	0	0	0	0	0	0	1	8	0	20	each:1
0	09-dp/lcs_diff.rb	104	6	1	7	1	0	0	0	0	0	0	0	0	2	4	0	14	each:1
0	09-dp/line_breaking.rb	84	6	1	7	0	0	0	0	0	0	0	0	0	1	2	0	4	
0	09-dp/longest_increasing.rb	106	5	1	8	1	0	0	0	0	0	1	0	0	2	16	0	74	each_with_index:1
0	09-dp/matrix_chain.rb	88	9	2	9	2	4	0	0	0	0	0	0	0	2	7	0	34	reduce:1,map:1
0	09-dp/optimal_bst.rb	89	8	1	11	0	10	0	0	0	0	0	1	0	1	2	9	13	
0	09-dp/palindromes.rb	99	5	0	13	2	0	0	0	0	0	0	0	0	1	8	0	15	each_with_index:2
0	09-dp/sequence_alignment.rb	105	7	2	14	3	0	0	0	0	0	0	0	0	2	4	0	24	each:2,sort_by:1
0	09-dp/stock_trading.rb	84	6	1	10	1	0	0	0	0	0	0	3	2	2	12	5	61	each:1
0	09-dp/subset_partition.rb	76	5	0	13	3	0	0	0	0	1	0	1	0	2	7	5	44	each_with_index:1,each:2
0	09-dp/viterbi.rb	87	4	1	14	1	0	0	0	0	0	0	18	0	2	5	4	65	map:1
0	09-dp/word_break.rb	81	5	0	9	0	1	0	0	0	2	0	1	0	1	8	0	14	
0	10-grids/battleship.rb	137	15	4	9	1	0	0	0	0	1	0	1	0	2	25	0	84	each:1
0	10-grids/chess_attacks.rb	121	12	1	14	8	0	0	0	0	1	0	4	0	2	8	6	98	each_with_index:1,select:2,map:2,each:2,find:1
0	10-grids/connect_four.rb	99	14	2	6	1	0	0	0	0	0	0	0	0	2	4	0	18	any?:1
0	10-grids/crossword.rb	113	13	3	17	5	0	0	0	0	1	0	1	0	2	16	0	66	each_with_index:3,with_index:1,each:1
0	10-grids/falling_sand.rb	93	9	1	5	0	0	0	0	0	1	0	0	0	1	6	0	29	
0	10-grids/flood_fill.rb	96	10	2	11	4	0	0	0	0	1	1	0	0	2	8	0	56	select:1,each:1,map:1,sort_by:1
0	10-grids/game_2048.rb	91	10	1	13	2	0	0	0	0	0	0	1	0	2	4	4	67	each_with_index:2
0	10-grids/game_of_life.rb	76	9	1	12	0	0	0	0	0	0	0	1	0	1	6	1	30	
0	10-grids/hex_game.rb	106	18	3	8	1	0	0	0	0	0	0	2	0	2	8	0	70	each:1
0	10-grids/knights_tour.rb	70	15	2	8	2	0	0	0	0	0	0	0	0	2	8	0	23	count:1,each:1
0	10-grids/langtons_ant.rb	79	9	2	6	1	0	0	0	0	0	0	2	0	3	4	4	39	each:1
0	10-grids/lights_out.rb	95	11	1	11	5	0	0	0	0	0	0	0	0	3	6	0	49	each_with_index:1,with_index:1,each:2,map:1
0	10-grids/magic_square.rb	93	10	1	16	4	0	0	0	0	0	0	2	1	3	5	4	77	map:2,reject:1,each:1
0	10-grids/matrix_spiral.rb	100	12	1	15	1	0	0	0	0	1	0	0	0	2	4	0	40	each:1
0	10-grids/maze_bfs.rb	85	7	1	8	5	0	0	0	0	0	0	1	0	2	4	1	21	each_with_index:2,each:2,each_cons:1
0	10-grids/minesweeper.rb	115	12	3	13	3	0	0	0	0	0	0	0	0	2	16	0	122	each:3
0	10-grids/n_queens.rb	72	7	1	10	3	2	0	0	0	0	0	1	0	1	4	0	4	none?:1,max_by:1,select:1
0	10-grids/nonogram.rb	89	13	1	24	5	1	0	0	0	0	0	0	0	1	6	0	26	chunk_while:1,all?:1,each_with_index:3
0	10-grids/othello.rb	100	12	1	10	2	0	0	0	0	0	0	1	1	2	8	3	31	flat_map:1,each:1
0	10-grids/sliding_puzzle.rb	133	11	2	8	4	0	0	0	1	0	0	3	0	2	10	2	35	each_with_index:2,each:2
0	10-grids/sokoban.rb	121	9	2	7	2	0	0	0	0	4	0	0	0	1	5	0	38	each_with_index:2
0	10-grids/sudoku_solver.rb	91	9	2	14	2	1	0	0	0	1	0	0	0	1	9	0	29	each_with_index:2
0	10-grids/terrain_dijkstra.rb	115	10	2	6	3	0	0	0	0	1	0	2	0	2	5	1	32	each_with_index:1,each:1,map:1
0	10-grids/tic_tac_toe.rb	110	13	1	8	1	1	0	0	0	0	0	1	0	2	8	0	34	each:1
0	10-grids/word_search.rb	95	9	2	16	7	0	0	0	0	0	0	8	8	2	14	3	54	all?:1,each_with_index:4,map:2
1	11-simulation/bakery_shift.rb	116	7	4	14	5	0	0	0	0	0	1	6	0	2	8	7	51	each:2,find:1,map:1,sort_by:1
0	11-simulation/bank_ledger.rb	142	14	4	10	8	0	0	0	0	0	0	2	0	2	17	2	90	each:5,group_by:1,sum:1,sort_by:1
0	11-simulation/car_rental.rb	135	11	5	15	1	0	0	0	1	0	0	1	0	2	10	4	90	each:1
0	11-simulation/checkout_lanes.rb	92	10	1	13	4	0	0	0	0	0	0	3	1	2	24	3	85	map:2,each:1,sum:1
0	11-simulation/cpu_scheduler.rb	120	16	5	9	4	0	0	0	0	0	2	0	0	2	7	0	56	map:1,count:1,each_with_index:1,sort_by:1
0	11-simulation/ecosystem_patches.rb	92	7	2	11	1	0	0	0	0	0	0	1	0	2	4	4	22	each:1
0	11-simulation/elevator_scan.rb	121	8	2	17	1	0	0	0	0	1	1	0	0	2	12	0	64	map:1
1	11-simulation/epidemic_network.rb	117	7	2	14	8	0	0	0	0	0	1	1	0	2	24	0	81	new:1,each:2,any?:1,max_by:2,sort_by:1,map:1
1	11-simulation/forest_fire.rb	86	8	1	10	3	0	0	0	0	0	0	2	0	3	4	4	31	each:2,max_by:1
0	11-simulation/hotel_bookings.rb	134	12	4	16	4	0	0	0	0	0	0	1	0	2	12	3	103	find_index:1,each:1,sum:1,map:1
0	11-simulation/inventory_reorder.rb	148	11	4	15	2	0	0	0	0	0	0	2	0	3	3	8	75	each:2
1	11-simulation/langton_ants.rb	89	7	1	12	3	0	0	0	0	0	0	1	0	2	4	0	50	map:1,count:1,max_by:1
0	11-simulation/library_loans.rb	152	15	5	10	5	0	0	0	0	0	0	2	0	2	24	0	152	each:4,map:1
0	11-simulation/life_torus.rb	103	9	1	15	11	0	0	0	0	2	1	3	0	3	8	4	64	each_with_index:2,each:4,sort_by:2,map:3
0	11-simulation/order_book.rb	136	12	4	9	1	0	0	0	0	0	0	0	0	2	16	0	118	each:1
0	11-simulation/packet_network.rb	153	9	4	19	8	0	0	0	0	0	0	3	0	2	8	2	54	each:4,map:3,group_by:1
1	11-simulation/parking_garage.rb	128	11	4	10	5	0	0	0	0	0	1	3	0	3	19	4	127	flat_map:1,map:1,each:1,sum:1,max_by:1
0	11-simulation/ring_road_traffic.rb	86	7	2	10	1	0	0	0	0	0	2	1	1	1	4	4	15	each_with_index:1
0	11-simulation/runway_ops.rb	101	8	1	11	1	0	0	0	1	0	0	0	0	2	15	0	104	map:1
0	11-simulation/sandpile.rb	80	7	1	9	1	0	0	0	0	1	0	0	0	2	4	0	22	each:1
0	11-simulation/teller_queue_des.rb	145	12	4	9	1	0	0	0	1	0	0	2	0	1	3	5	13	min_by:1
0	11-simulation/thermostat_house.rb	87	5	1	9	6	0	0	0	0	0	0	7	5	3	24	3	91	each:5,min_by:1
0	11-simulation/traffic_intersection.rb	113	9	3	11	8	0	0	0	0	0	0	3	1	2	6	5	67	sum:2,filter_map:1,each:3,map:1,min_by:1
0	11-simulation/vending_machine.rb	134	11	4	14	8	0	0	0	0	0	0	29	1	2	28	4	71	each:3,map:1,select:1,each_with_index:1,sum:2
0	11-simulation/water_tanks.rb	114	10	3	8	1	0	0	0	0	0	0	5	3	2	5	3	50	each:1
0	12-parsers/assembler.rb	189	10	2	4	2	0	0	0	0	0	0	4	1	1	6	16	39	each_with_index:2
0	12-parsers/brainfuck.rb	66	4	1	4	2	0	0	0	0	0	0	2	1	2	6	3	27	with_index:1,each:1
0	12-parsers/calc_rd.rb	177	16	3	4	1	2	0	0	0	0	0	1	0	1	17	1	19	each_with_index:1
1	12-parsers/chem_formula.rb	83	9	1	10	6	1	0	0	0	0	0	4	0	1	11	13	38	each:1,each_with_object:2,sum:1,map:1,sort_by:1
0	12-parsers/cmdline_parser.rb	137	11	2	6	1	0	0	0	0	0	0	0	0	2	10	0	54	each:1
0	12-parsers/csv_parser.rb	110	3	1	9	3	0	0	0	0	0	0	0	0	1	3	0	5	each_with_index:1,map:1,sort_by:1
0	12-parsers/forth.rb	168	9	2	3	0	0	0	0	0	0	0	1	0	1	16	0	28	
0	12-parsers/indent_lexer.rb	91	7	3	6	2	1	0	0	0	0	0	0	0	2	5	0	17	with_index:1,each:1
0	12-parsers/ini_parser.rb	131	7	3	10	3	0	0	0	0	1	0	11	8	3	8	4	59	each_with_index:1,each:2
0	12-parsers/json_parser.rb	191	13	2	13	2	3	0	0	0	0	0	1	0	1	9	0	16	map:1,reduce:1
0	12-parsers/lisp_interp.rb	193	15	4	10	4	12	0	0	0	0	0	2	1	2	9	11	24	reduce:1,each:2,each_with_index:1
0	12-parsers/markdown.rb	129	5	1	3	0	3	0	0	0	0	0	0	0	1	1	0	2	
0	12-parsers/pratt_parser.rb	221	17	4	10	0	20	0	0	0	0	0	2	1	2	17	14	77	
0	12-parsers/query_engine.rb	206	23	6	14	3	3	0	0	0	0	0	8	6	3	13	4	60	map:3
0	12-parsers/regex_matcher.rb	146	9	2	3	1	4	0	0	0	0	0	2	0	2	20	4	71	each:1
0	12-parsers/rpn_calc.rb	112	9	3	3	0	0	0	0	0	0	0	1	0	1	14	0	18	
0	12-parsers/shunting_yard.rb	109	7	2	4	0	0	0	0	0	0	0	6	5	2	12	5	27	
0	12-parsers/stack_vm.rb	205	8	3	7	3	0	0	0	0	0	1	2	0	2	3	4	19	each:1,sort_by:1,map:1
0	12-parsers/symbolic_diff.rb	218	24	6	1	0	10	0	0	0	0	0	4	3	1	12	5	23	
0	12-parsers/template_engine.rb	122	8	2	6	2	3	0	0	0	0	0	6	5	3	9	6	37	reduce:1,each_with_index:1
0	12-parsers/tiny_basic.rb	265	19	4	4	0	1	0	0	0	0	0	2	0	1	6	0	6	
0	12-parsers/tokenizer.rb	100	7	1	5	3	0	0	0	0	1	0	0	0	2	7	0	21	map:1,sort_by:1,each:1
0	12-parsers/truth_table.rb	157	18	2	11	6	14	0	0	0	1	0	7	4	2	9	4	61	to_h:1,each:3,count:1,filter_map:1
0	12-parsers/turing_machine.rb	134	5	3	7	3	0	0	0	0	1	0	3	0	3	5	3	32	each_with_index:1,with_index:1,each:1
1	12-parsers/type_checker.rb	193	16	3	2	0	21	0	0	0	0	0	3	0	2	16	4	68	
1	13-polymorphism/bitset_permissions.rb	107	19	2	10	8	0	0	0	0	0	0	2	0	3	8	6	93	reduce:3,each:4,max_by:1
0	13-polymorphism/calendar_dates.rb	122	18	2	8	1	0	0	0	1	0	0	0	0	2	12	0	46	each:1
1	13-polymorphism/collision_check.rb	126	19	4	10	5	0	0	0	0	1	0	0	0	2	7	0	43	each:2,each_with_index:1,max_by:1,none?:1
0	13-polymorphism/color_palette.rb	114	16	2	5	0	0	0	0	0	0	0	0	0	1	10	0	27	
0	13-polymorphism/doc_render.rb	152	27	5	18	2	0	0	0	0	0	0	0	0	3	9	0	37	each_with_index:1,map:1
0	13-polymorphism/duration_timesheet.rb	145	18	4	10	6	0	0	0	2	0	0	0	0	2	10	0	50	each:3,reduce:2,sort_by:1
0	13-polymorphism/expr_tree.rb	200	59	7	4	3	0	0	0	0	0	0	2	0	2	7	2	24	each:2,max_by:1
0	13-polymorphism/fraction_math.rb	135	20	2	10	3	0	0	0	1	0	0	0	0	1	8	0	18	reduce:3
0	13-polymorphism/interval_arith.rb	138	21	2	3	1	2	0	0	0	0	0	0	0	1	7	0	21	reduce:1
0	13-polymorphism/life_grid.rb	117	13	1	16	7	0	0	0	0	0	0	1	0	1	4	0	11	each_cell:4,each_with_index:2,each:1
0	13-polymorphism/matrix_ops.rb	176	19	3	28	10	0	0	0	0	0	0	0	0	2	5	0	45	build:10
0	13-polymorphism/modint_combinatorics.rb	126	17	3	11	4	0	0	0	0	0	0	0	0	2	5	0	34	reduce:2,each:1,each_with_index:1
0	13-polymorphism/money_ledger.rb	135	14	4	8	3	0	0	0	1	0	0	2	0	2	7	4	27	each:2,reduce:1
0	13-polymorphism/notify_channels.rb	146	27	6	9	3	0	0	0	0	0	0	1	0	2	5	2	22	each:2,sum:1
0	13-polymorphism/payroll.rb	122	24	4	13	5	0	0	0	0	0	0	2	0	3	8	5	39	each:3,sort_by:1,map:1
0	13-polymorphism/physical_quantities.rb	142	14	2	6	3	0	0	0	1	0	0	2	0	2	9	12	130	each_with_index:1,reduce:1,each:1
0	13-polymorphism/polynomial.rb	124	20	1	13	4	0	0	0	0	0	0	0	0	1	2	0	10	each_with_index:2,reduce:2
0	13-polymorphism/quaternion_rotation.rb	129	27	3	5	1	0	0	0	0	0	0	0	0	1	5	0	12	reduce:1
0	13-polymorphism/shapes_area.rb	109	28	4	8	3	0	0	0	0	0	0	0	0	1	0	0	0	each_with_index:2,each:1
0	13-polymorphism/sparse_vector.rb	102	15	1	17	13	0	0	0	0	1	1	2	0	2	6	0	31	each:6,sum:1,sort_by:2,map:3,reduce:1
0	13-polymorphism/stack_vm.rb	196	33	10	7	2	0	0	0	0	0	0	2	0	1	0	0	0	each_with_index:2
0	13-polymorphism/task_heap.rb	130	13	2	12	1	0	0	0	1	0	0	2	0	2	12	7	39	reduce:1
0	13-polymorphism/temperature_units.rb	138	18	4	8	3	0	0	0	2	0	0	0	0	2	12	0	51	each:2,each_with_index:1
0	13-polymorphism/vector_polygon.rb	104	18	1	9	2	0	0	0	1	0	0	0	0	1	11	0	18	reduce:1,each_with_index:1
0	13-polymorphism/version_constraints.rb	137	15	3	9	2	0	0	0	1	0	0	0	0	1	17	0	28	each:2
0	14-errors/bank_transfers.rb	118	11	6	4	3	0	0	0	0	0	0	1	0	2	8	0	51	each:2,with_index:1
0	14-errors/card_validation.rb	77	5	1	5	3	0	0	0	0	0	0	3	3	3	11	4	79	sum:1,each:1,map:1
0	14-errors/circuit_breaker.rb	83	8	3	3	1	0	0	0	0	0	0	0	0	2	16	0	48	each:1
0	14-errors/config_loader.rb	99	5	2	4	2	0	0	0	0	0	0	2	0	2	4	9	56	each_with_index:1,each:1
0	14-errors/contracts.rb	96	16	3	16	2	0	0	0	0	0	0	0	0	1	3	0	6	each:1,map:1
0	14-errors/csv_import.rb	74	3	0	5	2	0	0	0	0	0	0	2	1	1	12	3	23	each_with_index:2
0	14-errors/dependency_resolver.rb	87	7	4	3	1	1	0	0	0	0	0	1	0	3	13	0	66	each:1
0	14-errors/error_wrapping.rb	82	7	3	4	0	0	0	0	0	0	0	2	0	1	2	6	11	
1	14-errors/expr_calculator.rb	169	15	4	5	0	2	0	0	0	0	0	1	0	1	11	0	34	
0	14-errors/http_error_mapping.rb	124	11	7	4	0	0	0	0	0	0	0	15	0	2	11	2	27	
0	14-errors/job_queue.rb	108	9	4	4	1	0	0	0	0	0	1	0	0	2	7	0	23	each_with_index:1
0	14-errors/ledger_reconcile.rb	100	8	3	5	5	0	0	0	0	0	0	1	0	1	6	0	33	each_with_index:1,each:4
0	14-errors/log_triage.rb	81	6	3	9	1	0	0	0	0	0	0	0	0	1	5	0	9	each_with_index:1
0	14-errors/matrix_checks.rb	101	15	3	22	5	0	0	0	0	0	0	0	0	3	4	0	76	map:4,each:1
0	14-errors/nested_schema.rb	84	8	1	7	6	2	0	0	0	0	0	18	10	4	4	4	71	each:2,each_with_index:2,map:1,sort_by:1
0	14-errors/order_lifecycle.rb	81	5	3	4	3	0	0	0	0	0	0	1	0	4	7	9	110	each:2,map:1
0	14-errors/param_coercion.rb	86	4	1	6	3	0	0	0	0	0	0	1	0	2	8	0	52	each:2,with_index:1
0	14-errors/password_policy.rb	81	6	2	8	2	0	0	0	0	1	0	0	0	1	11	0	20	map:1,sort_by:1
0	14-errors/quote_fallback.rb	94	9	5	2	1	0	0	0	0	0	0	4	0	2	7	3	47	each:1
0	14-errors/registration_form.rb	108	8	2	4	3	0	0	0	0	1	1	0	0	1	5	0	10	each_with_index:1,each:1,sort_by:1
0	14-errors/result_pipeline.rb	76	9	0	6	2	0	0	0	0	0	0	8	3	1	11	4	35	with_index:1,map:1
0	14-errors/retry_backoff.rb	95	7	4	6	1	0	0	0	0	0	0	1	0	2	6	3	29	map:1
1	14-errors/spreadsheet_errors.rb	100	8	2	8	3	0	0	0	0	1	0	2	0	1	5	20	25	select:1,map:1,sort_by:1
0	14-errors/unit_quantities.rb	80	7	4	4	1	0	0	0	0	0	0	3	0	2	12	12	78	each:1
0	14-errors/warehouse_reservation.rb	110	10	4	12	6	0	0	0	0	1	0	3	0	4	6	3	70	flat_map:1,map:3,each:2
0	15-data/access_log_report.rb	101	7	1	13	4	0	0	0	0	0	1	0	0	1	6	0	13	map:1,each:1,sort_by:1,max_by:1
0	15-data/bank_reconcile.rb	110	10	2	12	2	0	0	0	0	0	0	0	0	1	3	0	3	each:1,sort_by:1
0	15-data/budget_variance.rb	50	3	0	10	6	0	0	0	0	0	0	4	0	2	12	3	65	each:3,group_by:1,sum:1,map:1
0	15-data/clickstream_sessions.rb	119	14	2	14	3	0	0	0	0	0	1	0	0	1	2	0	4	each:1,sort_by:1,map:1
0	15-data/cohort_retention.rb	92	7	1	11	1	0	0	0	0	3	0	1	0	1	12	0	12	each_slice:1
0	15-data/csv_import_validation.rb	121	7	2	6	3	0	0	0	0	0	0	1	0	1	0	0	0	each_with_index:1,map:1,sort_by:1
0	15-data/customer_dedupe.rb	118	10	2	12	0	0	0	0	0	0	0	4	0	1	9	6	17	
0	15-data/employee_dept_join.rb	109	7	2	15	6	0	0	0	0	1	0	1	0	1	10	0	16	each:2,sort_by:2,group_by:1,map:1
0	15-data/etl_star_schema.rb	176	16	3	17	6	0	0	0	0	0	0	5	2	2	3	5	53	map:3,each_with_index:1,each:1,sort_by:1
0	15-data/expense_pivot.rb	74	9	1	15	4	0	0	0	0	0	0	0	0	2	16	0	88	each:1,max_by:1,min_by:1,each_cons:1
0	15-data/fulfillment_report.rb	153	9	4	19	3	0	0	0	0	1	0	1	0	2	9	0	40	each:2,sort_by:1
0	15-data/fx_conversion.rb	91	7	2	21	16	0	0	0	0	0	0	1	0	2	11	0	18	to_h:1,each:3,group_by:2,sum:6,select:2,reduce:1,sort_by:1
0	15-data/grade_book.rb	105	11	2	17	6	0	0	0	0	0	0	9	0	2	7	7	66	sum:1,sort_by:2,each_with_index:1,map:1,each:1
0	15-data/groupby_query.rb	119	9	2	16	3	0	0	0	0	0	0	1	0	3	5	1	61	each:2,map:1
0	15-data/inventory_diff.rb	106	9	2	15	2	0	0	0	0	0	0	1	0	1	0	0	0	sum:1,each:1
0	15-data/invoice_totals.rb	115	16	3	9	5	0	0	0	1	0	0	2	1	2	4	6	25	reduce:2,each:1,map:1,max_by:1
0	15-data/league_standings.rb	91	8	1	7	4	0	0	0	1	0	0	2	0	1	2	0	2	to_h:1,each:2,each_with_index:1
0	15-data/metric_anomalies.rb	98	11	1	12	5	0	0	0	0	0	0	0	0	2	20	0	60	map:1,each_cons:1,each_with_index:2,each:1
0	15-data/quality_rules.rb	117	20	4	9	4	0	0	0	0	0	0	0	0	2	6	0	16	each_with_index:1,group_by:1,each:1,count:1
0	15-data/sales_by_region.rb	92	9	1	9	4	0	0	0	0	0	1	2	1	1	2	5	9	map:1,sort_by:1,each_with_index:1,each:1
0	15-data/size_histogram.rb	46	4	0	3	0	0	0	0	0	0	0	0	0	1	30	0	34	
0	15-data/survey_crosstab.rb	81	6	0	19	5	0	0	0	0	0	0	20	20	2	20	3	107	each:1,sum:1,map:1,max_by:1,min_by:1
0	15-data/table_renderer.rb	97	8	1	16	3	0	0	0	0	0	0	7	7	2	6	6	57	map:3
0	15-data/timesheet_payroll.rb	92	8	2	8	3	0	0	0	0	0	0	1	0	1	2	4	8	map:1,each:2
1	15-data/top_products.rb	85	7	3	13	8	0	0	0	1	0	0	1	0	2	10	10	59	flat_map:1,group_by:1,select:2,sort_by:1,each_with_index:1,map:1,min_by:1
0	16-dates/activity_heatmap.rb	90	5	0	12	5	0	0	0	0	0	0	0	0	1	12	0	34	each_with_index:1,each:2,map:1,max_by:1
0	16-dates/age_calculator.rb	115	9	1	12	2	0	0	0	0	0	0	2	0	2	12	3	104	find:1,each:1
0	16-dates/billing_cycles.rb	127	14	4	9	2	0	0	0	0	0	0	1	0	3	12	3	28	find:1,each:1
0	16-dates/business_days.rb	113	12	2	6	2	1	0	0	0	4	0	0	0	2	7	0	35	each:1,map:1
0	16-dates/calendar_systems.rb	133	20	4	5	1	0	0	0	0	0	0	0	0	2	12	0	47	each:1
0	16-dates/cron_schedule.rb	141	11	2	7	0	0	0	0	0	1	0	1	0	1	10	19	39	
0	16-dates/date_arith.rb	106	12	2	7	4	0	0	0	1	0	0	1	0	1	12	6	38	each:1,sort_by:1,find:1,map:1
1	16-dates/date_parser.rb	108	9	1	7	3	0	0	0	0	0	0	0	0	1	23	0	56	each:2,sort_by:1
0	16-dates/day_of_week.rb	69	4	0	10	2	0	0	0	0	0	0	1	0	2	12	0	67	each:1,max_by:1
0	16-dates/durations.rb	98	11	2	9	5	0	0	0	1	0	0	1	0	2	11	4	42	sum:1,filter_map:1,reduce:1,each_with_index:2
0	16-dates/easter.rb	97	8	1	6	3	0	0	0	0	0	1	0	0	1	12	0	43	sort_by:1,each:1,count:1
0	16-dates/fiscal_quarters.rb	119	9	2	8	1	0	0	0	0	0	0	0	0	1	4	0	16	max_by:1
0	16-dates/iso_week.rb	82	9	0	9	7	0	0	0	0	0	0	0	0	2	14	0	95	each:2,new:1,sum:2,select:1,max_by:1
0	16-dates/meeting_scheduler.rb	99	10	1	17	6	0	0	0	0	0	0	1	0	3	6	4	60	each:4,map:1,sort_by:1
0	16-dates/month_calendar.rb	84	9	1	11	0	0	0	0	0	2	0	0	0	1	12	0	67	
0	16-dates/moon_phases.rb	87	8	0	8	5	0	0	0	0	0	0	0	0	2	12	0	88	each:2,select:1,group_by:1,count:1
0	16-dates/parking_fees.rb	123	10	3	6	5	0	0	0	0	1	0	0	0	2	10	0	53	each:1,select:1,sum:2,max_by:1
0	16-dates/project_gantt.rb	130	11	2	12	0	1	0	0	0	0	0	2	0	2	9	0	37	
1	16-dates/public_holidays.rb	115	10	2	13	2	0	0	0	0	0	0	0	0	1	10	0	28	min_by:1,max_by:1
0	16-dates/recurring_events.rb	125	10	1	11	6	0	0	0	0	0	1	7	0	3	7	2	41	months_from:2,select:2,each:1,sort_by:1
0	16-dates/room_booking.rb	122	12	5	8	3	0	0	0	0	0	0	1	0	2	14	3	92	each:2,map:1
0	16-dates/shift_rota.rb	91	7	2	17	8	0	0	0	0	6	1	0	0	1	7	0	26	count:2,any?:1,each_with_index:1,map:3,each_cons:1
0	16-dates/time_zones.rb	111	12	1	7	2	0	0	0	0	0	0	0	0	1	7	0	21	max_by:1,select:1
0	16-dates/timesheet.rb	134	10	3	9	2	0	0	0	0	0	0	2	0	2	7	3	22	each:2
0	16-dates/timetable.rb	91	9	1	13	5	0	0	0	0	0	0	0	0	2	7	0	66	map:2,each:3
0	17-encodings/ascii85.rb	79	5	1	8	3	0	0	0	0	0	0	0	0	1	6	0	17	reduce:2,each_with_index:1
0	17-encodings/base32_ids.rb	105	15	2	8	1	0	0	0	0	0	0	0	0	1	8	0	24	reduce:1
0	17-encodings/base64_codec.rb	78	6	1	5	1	0	0	0	0	0	0	0	0	1	9	0	23	each_with_index:1
0	17-encodings/bitset.rb	90	18	1	9	0	0	0	0	0	0	0	0	0	1	6	0	18	
0	17-encodings/bloom_filter.rb	60	11	1	13	3	0	0	0	0	0	0	0	0	2	5	0	17	reduce:2,each:1
0	17-encodings/caesar_cracker.rb	64	7	0	8	3	0	0	0	0	0	0	2	1	1	4	26	37	sum:2,each_with_index:1
0	17-encodings/check_digits.rb	90	9	0	10	5	0	0	0	0	0	0	3	3	2	11	2	49	sum:4,each:1
0	17-encodings/crc_catalog.rb	96	7	1	10	1	0	0	0	0	0	0	0	0	2	8	0	22	each:1
0	17-encodings/frame_parser.rb	119	14	4	2	1	0	0	0	0	0	0	0	0	1	4	0	20	reduce:1
0	17-encodings/hamming_secded.rb	71	7	1	12	7	0	0	0	0	0	0	1	0	2	4	5	18	reduce:4,map:2,each_with_index:1
0	17-encodings/hex_dump.rb	57	5	0	12	2	0	0	0	0	0	0	0	0	2	3	0	11	map:1,each:1
0	17-encodings/huffman.rb	87	9	1	11	5	2	0	0	1	0	2	2	0	1	3	0	7	each:2,sort_by:2,reduce:1
0	17-encodings/lzw.rb	87	5	0	6	0	0	0	0	0	0	0	0	0	1	5	0	12	
0	17-encodings/morse.rb	68	4	0	11	2	0	0	0	0	2	0	1	0	1	5	39	44	max_by:1,select:1
0	17-encodings/murmur_ring.rb	78	8	1	12	1	0	0	0	0	0	0	1	0	2	7	0	37	each:1
0	17-encodings/percent_encoding.rb	77	6	0	8	1	0	0	0	0	0	0	1	0	1	5	0	11	each:1
0	17-encodings/playfair.rb	80	10	1	8	2	0	0	0	0	1	0	0	0	2	3	0	11	to_h:1,map:1
0	17-encodings/protobuf_wire.rb	107	11	2	10	0	0	0	0	0	0	0	0	0	2	7	0	40	
0	17-encodings/raid5_parity.rb	88	9	1	17	6	0	0	0	0	0	0	0	0	1	1	0	1	map:1,reduce:3,each_with_index:2
1	17-encodings/rolling_sync.rb	111	8	1	9	5	0	0	0	0	0	0	0	0	1	2	0	12	sum:1,new:1,with_index:1,each:1,flat_map:1
0	17-encodings/run_length.rb	100	6	1	12	3	0	0	0	0	0	0	0	0	1	8	0	18	map:1,each_with_index:2
0	17-encodings/transposition.rb	79	7	0	16	3	0	0	0	0	0	2	0	0	1	6	0	15	each_with_index:1,max_by:1,each:1
0	17-encodings/utf8_codec.rb	95	7	1	8	0	0	0	0	0	0	0	0	0	2	7	0	66	
0	17-encodings/vigenere.rb	70	9	0	13	6	0	0	0	0	0	0	1	1	1	26	2	28	map:3,sum:2,each_with_index:1
0	17-encodings/xor_breaker.rb	72	8	0	14	6	0	0	0	0	0	0	0	0	1	2	0	4	map:1,sum:1,sort_by:1,each_with_index:1,each:2
0	18-collections/access_log.rb	82	4	1	11	3	0	0	0	0	4	1	0	0	1	4	0	6	each:1,sort_by:1,chunk_while:1
1	18-collections/build_order.rb	108	7	2	16	8	0	0	0	0	3	1	3	0	2	3	10	23	each:4,select:1,each_with_index:1,sort_by:1,max_by:1
0	18-collections/cart_discounts.rb	82	8	1	9	4	0	0	0	0	2	0	16	8	2	4	6	66	map:1,sum:1,each:2
0	18-collections/contact_dedupe.rb	103	9	2	19	5	0	0	0	0	6	0	2	0	1	8	0	9	each:1,reduce:3,select:1
1	18-collections/course_overlap.rb	102	7	1	21	11	0	0	0	0	9	1	0	0	2	8	0	40	each:4,reduce:3,map:1,sort_by:1,select:1,max_by:1
0	18-collections/friend_graph.rb	81	4	0	19	9	0	0	0	0	6	1	1	0	2	12	1	55	new:1,each:4,sort_by:1,max_by:1,map:1,select:1
0	18-collections/grade_book.rb	69	7	0	22	15	0	0	0	0	0	0	8	0	3	5	6	82	find:1,sum:1,to_h:1,partition:1,each:3,sort_by:1,map:2,max_by:1,min_by:1,select:3
1	18-collections/inventory_diff.rb	99	6	2	11	5	0	0	0	0	2	0	1	0	1	3	0	5	each_with_index:1,each:1,map:1,sort_by:1,select:1
0	18-collections/ip_ranges.rb	85	7	2	17	7	0	0	0	0	1	0	0	0	2	8	0	38	reduce:1,map:1,each:3,select:1,sort_by:1
0	18-collections/latency_buckets.rb	68	5	0	16	6	0	0	0	0	0	0	1	1	2	4	3	22	find:1,map:2,each:2,sort_by:1
1	18-collections/leaderboard.rb	61	4	0	21	15	0	0	0	0	3	1	5	0	2	4	5	27	merge:1,sort_by:1,map:2,find:1,each_with_index:1,max_by:1,each:3,select:1,group_by:1,reduce:1,chunk_while:1,filter_map:1
0	18-collections/library_loans.rb	163	21	5	17	4	0	0	0	0	3	0	3	0	2	18	0	91	each:2,reduce:2
0	18-collections/lottery.rb	55	4	0	14	10	0	0	0	0	11	0	2	0	2	4	4	29	each_with_index:2,each:2,map:1,flat_map:1,select:2,sum:2
0	18-collections/paginate.rb	83	7	1	9	0	0	0	0	0	0	0	1	1	1	14	5	23	
0	18-collections/prime_sets.rb	59	2	0	21	3	0	0	0	0	5	0	0	0	1	2	0	4	each_cons:1,map:1,each:1
0	18-collections/range_set.rb	102	12	1	12	1	0	0	0	0	1	0	0	0	1	14	0	47	reduce:1
0	18-collections/role_permissions.rb	103	7	4	12	5	1	0	0	0	9	0	0	0	2	6	0	48	to_h:1,reduce:1,each:1,select:1,map:1
0	18-collections/room_bookings.rb	94	8	1	16	3	0	0	0	0	0	0	0	0	1	9	0	22	each:2,max_by:1
0	18-collections/sales_pivot.rb	76	5	0	25	6	0	0	0	0	0	0	2	1	1	3	5	28	map:2,sort_by:1,each_with_index:1,each_cons:1,max_by:1
0	18-collections/sensor_merge.rb	56	4	0	16	4	0	0	0	0	2	0	0	0	1	2	0	4	filter_map:1,each:1,select:1,count:1
1	18-collections/sparse_vectors.rb	83	14	1	18	11	0	0	0	0	1	1	5	0	1	3	4	17	each:1,sum:1,map:4,sort_by:2,reduce:1,max_by:1,reject:1
1	18-collections/survey_venn.rb	57	3	0	16	11	0	0	0	0	3	1	1	0	2	12	8	72	filter_map:1,each:1,sum:1,select:2,group_by:1,map:2,any?:1,flat_map:1,sort_by:1
1	18-collections/tag_recommender.rb	81	8	2	19	9	0	0	0	1	5	1	1	0	2	9	0	45	map:1,sort_by:2,select:3,reduce:1,each:2
0	18-collections/word_pipeline.rb	64	5	0	23	15	0	0	0	0	3	1	1	0	1	2	4	6	sort_by:1,each:5,select:4,reduce:1,partition:1,sum:2,map:1
0	18-collections/word_rack.rb	58	6	0	24	10	0	0	0	0	3	3	0	0	2	6	0	29	each:2,all?:1,flat_map:1,select:2,sort_by:1,map:1,reduce:2
0	19-statemachines/bank_queue_sim.rb	138	12	5	9	1	0	0	0	1	0	0	1	0	2	3	4	17	each:1
0	19-statemachines/bracket_checker.rb	91	5	2	4	1	0	0	0	0	0	0	0	0	2	5	0	17	each:1
0	19-statemachines/button_debounce.rb	109	5	3	5	0	0	0	0	0	0	0	0	0	1	2	0	2	
0	19-statemachines/circuit_breaker.rb	121	11	4	2	1	0	0	0	0	0	0	2	0	1	0	10	14	map:1
0	19-statemachines/csv_parser.rb	115	4	1	7	2	0	0	0	0	0	0	0	0	1	2	0	3	each_with_index:1,map:1
0	19-statemachines/dfa_minimize.rb	99	8	1	18	3	0	0	0	0	4	0	6	0	2	6	0	56	each:3
0	19-statemachines/divisibility_dfa.rb	83	6	1	15	3	0	0	0	0	3	0	2	0	1	2	0	15	each_with_index:1,map:2
0	19-statemachines/elevator.rb	103	7	2	5	2	0	0	0	0	1	1	1	0	1	8	0	14	each:1,find:1
0	19-statemachines/enemy_ai.rb	119	13	2	3	1	0	0	0	0	0	0	0	0	2	35	0	114	each_with_index:1
0	19-statemachines/event_sourcing.rb	132	13	7	7	3	0	0	0	0	0	0	4	0	2	14	1	15	all?:1,each:1,sum:1
0	19-statemachines/expr_lexer.rb	125	5	2	3	0	0	0	0	0	0	0	0	0	1	8	0	16	
0	19-statemachines/http_parser.rb	141	8	3	4	0	0	0	0	0	0	0	1	0	1	4	0	6	
0	19-statemachines/job_pipeline.rb	121	6	2	14	4	1	0	0	0	0	0	2	0	5	7	0	121	each:3,map:1
0	19-statemachines/keypad_lock.rb	96	4	1	1	0	0	0	0	0	0	0	0	0	0	0	0	0	
1	19-statemachines/machine_mixin.rb	93	15	3	5	2	0	0	0	0	0	0	3	0	2	18	6	103	filter_map:1,each:1
0	19-statemachines/markdown_blocks.rb	100	7	1	5	0	0	0	0	0	0	0	0	0	1	0	0	0	
0	19-statemachines/morse_decoder.rb	72	2	0	10	9	0	0	0	0	0	0	2	1	2	6	30	60	each_with_index:3,map:1,select:1,each:2,count:1,sum:1
0	19-statemachines/order_workflow.rb	115	12	4	7	6	0	0	0	1	0	0	2	0	2	16	7	106	reduce:2,each:4
0	19-statemachines/regex_nfa.rb	170	12	4	9	3	2	0	0	0	2	0	0	0	3	7	0	51	each_with_index:1,each:2
0	19-statemachines/shell_words.rb	133	6	2	3	0	0	0	0	0	0	0	1	0	2	8	3	15	
0	19-statemachines/smtp_session.rb	112	6	2	3	1	0	0	0	0	0	0	1	0	2	15	3	44	each:1
1	19-statemachines/tcp_states.rb	98	5	2	6	4	0	0	0	0	2	0	1	0	3	7	21	150	each:3,max_by:1
0	19-statemachines/traffic_light.rb	106	7	2	4	2	0	0	0	0	14	0	2	0	1	2	13	23	each:1,map:1
0	19-statemachines/turnstile.rb	38	2	1	3	3	0	0	0	0	0	1	0	0	1	10	0	14	each_with_index:1,each:1,sort_by:1
0	19-statemachines/vending_machine.rb	113	9	3	6	2	0	0	0	0	0	0	1	0	2	24	4	80	each:2
0	20-business/appointment_scheduler.rb	119	8	2	14	2	0	0	0	0	0	0	0	0	2	9	0	36	each_with_index:2
0	20-business/bank_ledger.rb	151	9	3	11	7	0	0	0	0	0	0	1	0	2	12	0	51	each:3,sum:2,select:2
0	20-business/course_enrollment.rb	146	10	4	11	3	1	0	0	0	6	0	2	0	3	22	5	164	each:3
0	20-business/customer_loyalty.rb	107	8	3	15	5	0	0	0	0	0	0	3	0	2	15	3	104	find:1,each:3,map:1
0	20-business/event_registration.rb	83	6	3	8	5	0	0	0	0	0	0	1	0	4	7	3	75	each_with_index:1,each:2,map:1,select:1
0	20-business/expense_tracker.rb	127	6	2	16	2	0	0	0	0	0	0	2	0	1	5	5	12	each_with_index:1,each:1
1	20-business/grade_book.rb	120	8	2	18	6	0	0	0	0	0	0	3	0	1	2	3	7	each_with_index:1,each:2,max_by:1,select:1,min_by:1
0	20-business/gym_membership.rb	66	3	2	5	1	0	0	0	0	0	1	1	0	2	2	5	7	max_by:1
0	20-business/hotel_billing.rb	128	12	4	13	3	0	0	0	0	0	0	2	0	2	8	3	61	sum:1,select:1,each:1
0	20-business/inventory_reorder.rb	127	7	3	9	7	0	0	0	0	0	0	4	0	2	14	5	165	each:4,sum:2,select:1
0	20-business/invoice_generator.rb	143	10	4	8	1	0	0	0	0	0	0	7	0	2	4	4	17	sum:1
0	20-business/library_loans.rb	164	15	5	12	2	0	0	0	0	0	0	2	0	2	20	0	100	each:1,select:1
0	20-business/parking_garage.rb	119	10	5	10	5	0	0	0	0	0	1	4	0	2	17	4	105	each_with_index:2,map:1,each:2
0	20-business/payroll.rb	119	10	4	10	5	0	0	0	0	0	0	2	0	3	6	4	41	each:3,sort_by:1,max_by:1
0	20-business/rental_fleet.rb	124	9	4	8	1	0	0	0	0	0	0	2	0	2	7	5	74	each:1
0	20-business/restaurant_orders.rb	141	12	5	11	3	0	0	0	0	0	0	2	0	3	12	0	125	each:3
0	20-business/room_reservations.rb	141	12	5	13	1	0	0	0	0	7	1	0	0	2	12	0	92	each:1
0	20-business/sales_report.rb	90	7	1	18	7	0	0	0	0	0	0	0	0	2	4	0	19	each:4,sort_by:2,map:1
0	20-business/shopping_cart.rb	174	18	5	11	6	0	0	0	1	0	0	4	1	2	11	2	84	reduce:2,each:3,min_by:1
0	20-business/subscription_billing.rb	119	8	3	12	3	0	0	0	0	0	0	2	0	2	7	3	60	sum:2,map:1
0	20-business/ticket_helpdesk.rb	122	8	3	9	2	0	0	0	0	6	1	3	0	2	19	6	139	each:2
0	20-business/timesheet.rb	86	8	2	9	6	0	0	0	0	0	0	2	0	1	3	3	15	each_cons:1,map:1,each:2,sum:2
0	20-business/todo_list.rb	124	12	3	13	4	0	0	0	0	1	1	1	0	1	3	3	6	each_with_index:1,each:1,map:1,sort_by:1
0	20-business/vendor_quotes.rb	96	5	2	15	7	0	0	0	0	0	0	2	0	2	9	3	77	select:1,map:2,min_by:1,reject:1,sum:1,max_by:1
0	20-business/warehouse_picking.rb	111	8	3	14	4	0	0	0	1	0	1	0	0	4	4	0	51	each:3,with_index:1
