corpus/17-encodings/frame_parser.rb	(46,28)-(46,34):undefined method: Integer#reduce	(Array[Integer] | Integer)	Integer
corpus/17-encodings/frame_parser.rb	(70,23)-(70,26):undefined method: Integer#map	Integer	
corpus/05-sorting/log_time_bisect.rb	(19,7)-(19,20):undefined method: :ts#call	-	Event
corpus/05-sorting/log_time_bisect.rb	(33,7)-(33,20):undefined method: :ts#call	-	Event
corpus/02-analytics/cooccurrence_pmi.rb	(30,23)-(30,24):undefined method: nil#<	String?	String?
corpus/02-analytics/cooccurrence_pmi.rb	(77,41)-(77,42):undefined method: nil#+	nil	String
corpus/20-business/appointment_scheduler.rb	(46,14)-(46,15):undefined method: nil#+	Integer?	untyped
corpus/20-business/appointment_scheduler.rb	(47,30)-(47,31):undefined method: nil#+	Integer?	untyped
corpus/20-business/customer_loyalty.rb	(44,45)-(44,50):undefined method: String#floor	?	
corpus/20-business/event_registration.rb	(13,30)-(13,32):undefined method: nil#<=	nil	String
corpus/15-data/customer_dedupe.rb	(75,8)-(75,16):undefined method: :name#call	-	Contact
corpus/15-data/customer_dedupe.rb	(75,8)-(75,16):undefined method: :city#call	-	Contact
corpus/15-data/employee_dept_join.rb	(51,22)-(51,30):undefined method: :id#call	-	(Department | Employee)
corpus/15-data/employee_dept_join.rb	(117,40)-(117,46):undefined method: Department#salary	(Department | Employee)	
corpus/15-data/etl_star_schema.rb	(104,50)-(104,56):undefined method: Integer#upcase	(Integer | String)?	
corpus/15-data/expense_pivot.rb	(39,10)-(39,16):undefined method: nil#[]	String?	Integer ; Integer
corpus/06-linked/bank_teller_sim.rb	(38,4)-(38,8):undefined method: Walkable#each	-	
corpus/06-linked/bank_teller_sim.rb	(44,4)-(44,8):undefined method: Walkable#each	-	
corpus/01-text/ascii_table.rb	(36,16)-(36,20):undefined method: nil#size	String?	
corpus/01-text/ascii_table.rb	(37,10)-(37,21):undefined method: nil#[]	String?	Range[Integer]
corpus/01-text/ascii_table.rb	(38,3)-(38,20):undefined method: nil#[]	String?	Range[Integer]
corpus/01-text/ascii_table.rb	(43,20)-(43,25):undefined method: nil#ljust	String?	Integer
corpus/01-text/ascii_table.rb	(44,21)-(44,26):undefined method: nil#rjust	String?	Integer
corpus/01-text/ascii_table.rb	(45,22)-(45,28):undefined method: nil#center	String?	Integer
corpus/01-text/ascii_table.rb	(58,51)-(58,55):undefined method: nil#size	String?	
corpus/09-dp/line_breaking.rb	(66,16)-(66,19):block is not expected	String	
corpus/01-text/json_pretty.rb	(165,22)-(165,26):undefined method: nil#join	Array[String]?	String
corpus/01-text/justify_text.rb	(63,31)-(63,36):undefined method: nil#ljust	String?	Integer
corpus/01-text/line_diff.rb	(62,7)-(62,11):undefined method: Edit#each	Edit	
corpus/01-text/line_diff.rb	(70,17)-(70,22):undefined method: Edit#count	Edit	
corpus/01-text/line_diff.rb	(71,17)-(71,22):undefined method: Edit#count	Edit	
corpus/01-text/line_diff.rb	(94,6)-(94,10):undefined method: Edit#each	Edit	
corpus/01-text/line_diff.rb	(94,35)-(94,36):undefined method: nil#+	String?	untyped
corpus/01-text/markdown_html.rb	(12,4)-(12,8):undefined method: nil#gsub	String?	String ; String
corpus/01-text/markdown_html.rb	(18,18)-(18,23):undefined method: nil#match	String?	Regexp
corpus/18-collections/cart_discounts.rb	(77,43)-(77,46):undefined method: nil#[]	([String, Integer] | [String, untyped])?	Integer
corpus/08-graphs/land_islands.rb	(14,20)-(14,21):undefined method: nil#*	Integer?	Integer
corpus/08-graphs/land_islands.rb	(46,13)-(46,14):undefined method: nil#+	nil	Integer
corpus/08-graphs/land_islands.rb	(47,13)-(47,14):undefined method: nil#+	nil	Integer
corpus/08-graphs/maze_bfs.rb	(31,13)-(31,14):undefined method: nil#+	Integer?	Integer
corpus/05-sorting/kway_log_merge.rb	(72,13)-(72,17):undefined method: nil#head	nil	
corpus/05-sorting/kway_log_merge.rb	(73,6)-(73,9):undefined method: nil#pos=	nil	Integer
corpus/05-sorting/kway_log_merge.rb	(73,6)-(73,9):undefined method: nil#pos	nil	Integer
corpus/05-sorting/kway_log_merge.rb	(74,9)-(74,14):undefined method: nil#done?	nil	
corpus/18-collections/ip_ranges.rb	(54,45)-(54,70):expected: Integer; actual: bool	Integer	Integer
corpus/04-numeric/polynomial.rb	(143,62)-(143,64):undefined method: nil#at	nil	Float
corpus/04-numeric/time_series.rb	(26,33)-(26,34):failed to resolve overloads	Float	untyped
corpus/04-numeric/time_series.rb	(26,53)-(26,54):failed to resolve overloads	?	nil
corpus/04-numeric/time_series.rb	(53,34)-(53,35):failed to resolve overloads	Float	untyped
corpus/14-errors/bank_transfers.rb	(52,16)-(52,17):wrong type of arguments	Integer	nil
corpus/14-errors/bank_transfers.rb	(53,66)-(53,67):undefined method: nil#-	nil	Integer
corpus/14-errors/bank_transfers.rb	(53,92)-(53,93):undefined method: nil#-	nil	Integer
corpus/14-errors/bank_transfers.rb	(55,13)-(55,15):failed to resolve overloads	-	nil
corpus/14-errors/bank_transfers.rb	(60,13)-(60,15):failed to resolve overloads	-	nil
corpus/14-errors/bank_transfers.rb	(79,61)-(79,63):undefined method: nil#<=	nil	Integer
corpus/14-errors/bank_transfers.rb	(80,95)-(80,96):undefined method: nil#>	nil	Integer
corpus/14-errors/bank_transfers.rb	(90,18)-(90,20):failed to resolve overloads	Account	nil
corpus/14-errors/bank_transfers.rb	(126,20)-(126,25):undefined method: nil#split	String?	String
corpus/14-errors/bank_transfers.rb	(126,20)-(126,25):undefined method: nil#split	String?	String
corpus/14-errors/contracts.rb	(14,70)-(14,78):undefined method: Contract#describe	-	
corpus/14-errors/contracts.rb	(18,72)-(18,80):undefined method: Contract#describe	-	
corpus/14-errors/contracts.rb	(22,14)-(22,31):undefined method: Contract#invariant_problem	-	
corpus/14-errors/contracts.rb	(23,76)-(23,84):undefined method: Contract#describe	-	
corpus/07-trees/merkle_sync.rb	(53,21)-(53,25):undefined method: MLeaf#left	(MLeaf | MNode)	
corpus/07-trees/merkle_sync.rb	(54,29)-(54,34):undefined method: MLeaf#right	(MLeaf | MNode)	
corpus/07-trees/merkle_sync.rb	(55,18)-(55,22):undefined method: MLeaf#left	(MLeaf | MNode)	
corpus/07-trees/merkle_sync.rb	(57,28)-(57,32):undefined method: MLeaf#left	(MLeaf | MNode)	
corpus/07-trees/merkle_sync.rb	(58,18)-(58,23):undefined method: MLeaf#right	(MLeaf | MNode)	
corpus/07-trees/rope_editor.rb	(33,33)-(33,34):undefined method: nil#+	Integer?	Integer?
corpus/07-trees/rope_editor.rb	(43,71)-(43,72):undefined method: nil#<	Integer?	Integer
corpus/07-trees/rope_editor.rb	(43,80)-(43,82):undefined method: nil#>=	Integer?	Integer?
corpus/07-trees/rope_editor.rb	(45,9)-(45,10):undefined method: nil#<	Integer?	Integer?
corpus/07-trees/rope_editor.rb	(45,13)-(45,19):undefined method: RLeaf#weight	(RLeaf | RNode)?	
corpus/07-trees/rope_editor.rb	(45,13)-(45,19):undefined method: nil#weight	(RLeaf | RNode)?	
corpus/07-trees/rope_editor.rb	(46,12)-(46,16):undefined method: RLeaf#left	(RLeaf | RNode)?	
corpus/07-trees/rope_editor.rb	(46,12)-(46,16):undefined method: nil#left	(RLeaf | RNode)?	
corpus/07-trees/rope_editor.rb	(48,8)-(48,10):undefined method: nil#-	-	Integer?
corpus/07-trees/rope_editor.rb	(48,13)-(48,19):undefined method: RLeaf#weight	(RLeaf | RNode)?	
corpus/07-trees/rope_editor.rb	(48,13)-(48,19):undefined method: nil#weight	(RLeaf | RNode)?	
corpus/07-trees/rope_editor.rb	(49,12)-(49,17):undefined method: RLeaf#right	(RLeaf | RNode)?	
corpus/07-trees/rope_editor.rb	(49,12)-(49,17):undefined method: nil#right	(RLeaf | RNode)?	
corpus/07-trees/rope_editor.rb	(52,4)-(52,8):undefined method: RNode#text	(RLeaf | RNode)?	
corpus/07-trees/rope_editor.rb	(52,4)-(52,8):undefined method: nil#text	(RLeaf | RNode)?	
corpus/07-trees/rope_editor.rb	(69,30)-(69,31):undefined method: String#-	(Integer | String)?	Integer?
corpus/07-trees/rope_editor.rb	(138,41)-(138,42):undefined method: nil#-	Integer?	Integer
corpus/07-trees/rope_editor.rb	(143,34)-(143,35):undefined method: nil#-	Integer?	Integer
corpus/07-trees/taxonomy_lca.rb	(54,9)-(54,12):undefined method: nil#[]	nil	Integer?
corpus/12-parsers/lisp_interp.rb	(110,11)-(110,15):undefined method: nil#each	(Integer | Symbol | [:quote, Integer | Symbol | [:quote, untyped] | [] | bool] | [] | bool)?	
corpus/12-parsers/lisp_interp.rb	(110,11)-(110,15):undefined method: true#each	(Integer | Symbol | [:quote, Integer | Symbol | [:quote, untyped] | [] | bool] | [] | bool)?	
corpus/12-parsers/lisp_interp.rb	(110,11)-(110,15):undefined method: false#each	(Integer | Symbol | [:quote, Integer | Symbol | [:quote, untyped] | [] | bool] | [] | bool)?	
corpus/12-parsers/lisp_interp.rb	(110,11)-(110,15):... and other 2 errors	(Integer | Symbol | [:quote, Integer | Symbol | [:quote, untyped] | [] | bool] | [] | bool)?	
corpus/12-parsers/lisp_interp.rb	(115,21)-(115,24):undefined method: true#[]	(:quote | Integer | Symbol | [:quote, Integer | Symbol | [:quote, untyped] | [] | bool] | [] | bool)	Integer
corpus/12-parsers/lisp_interp.rb	(115,21)-(115,24):undefined method: false#[]	(:quote | Integer | Symbol | [:quote, Integer | Symbol | [:quote, untyped] | [] | bool] | [] | bool)	Integer
corpus/12-parsers/lisp_interp.rb	(116,32)-(116,36):undefined method: true#drop	(:quote | Integer | Symbol | [:quote, Integer | Symbol | [:quote, untyped] | [] | bool] | [] | bool)	Integer
corpus/12-parsers/lisp_interp.rb	(116,32)-(116,36):undefined method: false#drop	(:quote | Integer | Symbol | [:quote, Integer | Symbol | [:quote, untyped] | [] | bool] | [] | bool)	Integer
corpus/12-parsers/lisp_interp.rb	(116,32)-(116,36):undefined method: :quote#drop	(:quote | Integer | Symbol | [:quote, Integer | Symbol | [:quote, untyped] | [] | bool] | [] | bool)	Integer
corpus/12-parsers/lisp_interp.rb	(116,32)-(116,36):... and other 2 errors	(:quote | Integer | Symbol | [:quote, Integer | Symbol | [:quote, untyped] | [] | bool] | [] | bool)	Integer
corpus/12-parsers/lisp_interp.rb	(135,16)-(135,20):undefined method: nil#size	(Array[:quote | Integer | Symbol | [:quote, Integer | Symbol | [:quote, untyped] | [] | bool] | [] | bool] | Integer | Symbol | [:quote, Integer | Symbol | [:quote, untyped] | [] | bool] | [] | bool)?	
corpus/12-parsers/lisp_interp.rb	(135,16)-(135,20):undefined method: true#size	(Array[:quote | Integer | Symbol | [:quote, Integer | Symbol | [:quote, untyped] | [] | bool] | [] | bool] | Integer | Symbol | [:quote, Integer | Symbol | [:quote, untyped] | [] | bool] | [] | bool)?	
corpus/12-parsers/lisp_interp.rb	(135,16)-(135,20):undefined method: false#size	(Array[:quote | Integer | Symbol | [:quote, Integer | Symbol | [:quote, untyped] | [] | bool] | [] | bool] | Integer | Symbol | [:quote, Integer | Symbol | [:quote, untyped] | [] | bool] | [] | bool)?	
corpus/12-parsers/lisp_interp.rb	(136,54)-(136,58):undefined method: nil#size	(Array[:quote | Integer | Symbol | [:quote, Integer | Symbol | [:quote, untyped] | [] | bool] | [] | bool] | Integer | Symbol | [:quote, Integer | Symbol | [:quote, untyped] | [] | bool] | [] | bool)?	
corpus/12-parsers/lisp_interp.rb	(136,54)-(136,58):undefined method: true#size	(Array[:quote | Integer | Symbol | [:quote, Integer | Symbol | [:quote, untyped] | [] | bool] | [] | bool] | Integer | Symbol | [:quote, Integer | Symbol | [:quote, untyped] | [] | bool] | [] | bool)?	
corpus/12-parsers/lisp_interp.rb	(136,54)-(136,58):undefined method: false#size	(Array[:quote | Integer | Symbol | [:quote, Integer | Symbol | [:quote, untyped] | [] | bool] | [] | bool] | Integer | Symbol | [:quote, Integer | Symbol | [:quote, untyped] | [] | bool] | [] | bool)?	
corpus/12-parsers/lisp_interp.rb	(139,13)-(139,16):undefined method: nil#zip	(Array[:quote | Integer | Symbol | [:quote, Integer | Symbol | [:quote, untyped] | [] | bool] | [] | bool] | Integer | Symbol | [:quote, Integer | Symbol | [:quote, untyped] | [] | bool] | [] | bool)?	Array[(:quote | Integer | Lambda | Prim | Symbol | [:quote, Integer | Symbol | [:quote, untyped] | [] | bool] | [] | bool)?]
corpus/12-parsers/lisp_interp.rb	(139,13)-(139,16):undefined method: true#zip	(Array[:quote | Integer | Symbol | [:quote, Integer | Symbol | [:quote, untyped] | [] | bool] | [] | bool] | Integer | Symbol | [:quote, Integer | Symbol | [:quote, untyped] | [] | bool] | [] | bool)?	Array[(:quote | Integer | Lambda | Prim | Symbol | [:quote, Integer | Symbol | [:quote, untyped] | [] | bool] | [] | bool)?]
corpus/12-parsers/lisp_interp.rb	(139,13)-(139,16):undefined method: false#zip	(Array[:quote | Integer | Symbol | [:quote, Integer | Symbol | [:quote, untyped] | [] | bool] | [] | bool] | Integer | Symbol | [:quote, Integer | Symbol | [:quote, untyped] | [] | bool] | [] | bool)?	Array[(:quote | Integer | Lambda | Prim | Symbol | [:quote, Integer | Symbol | [:quote, untyped] | [] | bool] | [] | bool)?]
corpus/12-parsers/lisp_interp.rb	(139,13)-(139,16):... and other 2 errors	(Array[:quote | Integer | Symbol | [:quote, Integer | Symbol | [:quote, untyped] | [] | bool] | [] | bool] | Integer | Symbol | [:quote, Integer | Symbol | [:quote, untyped] | [] | bool] | [] | bool)?	Array[(:quote | Integer | Lambda | Prim | Symbol | [:quote, Integer | Symbol | [:quote, untyped] | [] | bool] | [] | bool)?]
corpus/12-parsers/markdown.rb	(16,14)-(16,18):undefined method: nil#size	String?	
corpus/12-parsers/markdown.rb	(17,9)-(17,12):undefined method: nil#[]	String?	Integer
corpus/12-parsers/markdown.rb	(19,20)-(19,25):undefined method: nil#index	String?	String ; Integer
corpus/12-parsers/markdown.rb	(20,37)-(20,54):undefined method: nil#[]	String?	Range[Integer?]
corpus/12-parsers/markdown.rb	(24,23)-(24,30):undefined method: nil#[]	String?	Integer
corpus/12-parsers/markdown.rb	(25,20)-(25,25):undefined method: nil#index	String?	String ; Integer
corpus/12-parsers/markdown.rb	(26,34)-(26,51):undefined method: nil#[]	String?	Range[Integer?]
corpus/12-parsers/markdown.rb	(31,20)-(31,25):undefined method: nil#index	String?	String ; Integer
corpus/12-parsers/markdown.rb	(32,30)-(32,47):undefined method: nil#[]	String?	Range[Integer?]
corpus/12-parsers/markdown.rb	(37,14)-(37,19):undefined method: nil#index	String?	String ; Integer
corpus/12-parsers/markdown.rb	(38,23)-(38,28):undefined method: nil#index	String?	String ; Integer
corpus/12-parsers/markdown.rb	(40,29)-(40,48):undefined method: nil#[]	String?	Range[Integer]
corpus/12-parsers/markdown.rb	(40,62)-(40,77):undefined method: nil#[]	String?	Range[Integer?]
corpus/12-parsers/markdown.rb	(93,24)-(93,26):undefined method: nil#+	([String?] | [])	String
corpus/12-parsers/pratt_parser.rb	(152,12)-(152,16):wrong number of arguments (0 for 1)	(Array[(Array[String?] | Array[untyped] | Integer | Numeric | String | [Integer, Integer, Integer] | bool)?] | Array[String?] | Integer | Numeric | String | [Integer, Integer, Integer] | bool)?	
corpus/12-parsers/pratt_parser.rb	(155,12)-(155,15):undefined method: nil#sum	(Array[(Array[String?] | Array[untyped] | Integer | Numeric | String | [Integer, Integer, Integer] | bool)?] | Array[String?] | Integer | Numeric | String | [Integer, Integer, Integer] | bool)?	
corpus/12-parsers/pratt_parser.rb	(155,12)-(155,15):undefined method: true#sum	(Array[(Array[String?] | Array[untyped] | Integer | Numeric | String | [Integer, Integer, Integer] | bool)?] | Array[String?] | Integer | Numeric | String | [Integer, Integer, Integer] | bool)?	
corpus/12-parsers/pratt_parser.rb	(155,12)-(155,15):undefined method: false#sum	(Array[(Array[String?] | Array[untyped] | Integer | Numeric | String | [Integer, Integer, Integer] | bool)?] | Array[String?] | Integer | Numeric | String | [Integer, Integer, Integer] | bool)?	
corpus/12-parsers/pratt_parser.rb	(155,12)-(155,15):block is not expected	(Array[(Array[String?] | Array[untyped] | Integer | Numeric | String | [Integer, Integer, Integer] | bool)?] | Array[String?] | Integer | Numeric | String | [Integer, Integer, Integer] | bool)?	
corpus/12-parsers/pratt_parser.rb	(155,12)-(155,15):... and other 2 errors	(Array[(Array[String?] | Array[untyped] | Integer | Numeric | String | [Integer, Integer, Integer] | bool)?] | Array[String?] | Integer | Numeric | String | [Integer, Integer, Integer] | bool)?	
corpus/12-parsers/pratt_parser.rb	(161,11)-(161,15):undefined method: nil#kids	Node?	
corpus/12-parsers/pratt_parser.rb	(162,9)-(162,13):undefined method: nil#kind	Node?	
corpus/12-parsers/pratt_parser.rb	(163,26)-(163,31):undefined method: nil#value	Node?	
corpus/12-parsers/pratt_parser.rb	(165,71)-(165,76):undefined method: nil#value	Node?	
corpus/12-parsers/pratt_parser.rb	(165,45)-(165,50):undefined method: nil#value	Node?	
corpus/12-parsers/pratt_parser.rb	(166,10)-(166,15):undefined method: nil#value	Node?	
corpus/12-parsers/pratt_parser.rb	(179,67)-(179,71):undefined method: nil#kind	Node?	
corpus/12-parsers/pratt_parser.rb	(180,19)-(180,24):undefined method: nil#value	Node?	
corpus/12-parsers/pratt_parser.rb	(182,11)-(182,16):undefined method: nil#value	Node?	
corpus/12-parsers/query_engine.rb	(180,28)-(180,33):wrong number of arguments (1 for 0)	-	(Agg | Array[String?] | String)
corpus/12-parsers/query_engine.rb	(189,28)-(189,33):wrong number of arguments (1 for 0)	-	(Agg | Array[String?] | String)
corpus/12-parsers/regex_matcher.rb	(29,9)-(29,10):undefined method: nil#+	String?	String
corpus/16-dates/billing_cycles.rb	(60,8)-(60,13):undefined method: nil#match	String?	Regexp
corpus/16-dates/calendar_systems.rb	(9,12)-(9,18):undefined method: CalendarDate#to_jdn	-	
corpus/16-dates/calendar_systems.rb	(10,25)-(10,31):undefined method: CalendarDate#to_jdn	-	
corpus/16-dates/calendar_systems.rb	(11,42)-(11,48):undefined method: CalendarDate#to_jdn	-	
corpus/16-dates/calendar_systems.rb	(12,45)-(12,51):undefined method: CalendarDate#to_jdn	-	
corpus/11-simulation/checkout_lanes.rb	(16,61)-(16,63):undefined method: nil#<=	nil	Integer
corpus/11-simulation/checkout_lanes.rb	(18,46)-(18,47):undefined method: nil#*	nil	Integer
corpus/11-simulation/checkout_lanes.rb	(32,32)-(32,33):failed to resolve overloads	Integer	nil
corpus/11-simulation/checkout_lanes.rb	(54,9)-(54,13):undefined method: String#open=	(Lane | String)	false
corpus/11-simulation/checkout_lanes.rb	(66,17)-(66,18):wrong type of arguments	Integer	nil
corpus/04-numeric/curve_fitting.rb	(11,54)-(11,61):undefined method: Model#predict	-	Float
corpus/04-numeric/curve_fitting.rb	(17,34)-(17,41):undefined method: Model#nparams	-	
corpus/04-numeric/curve_fitting.rb	(29,66)-(29,67):failed to resolve overloads	Float	untyped
corpus/04-numeric/curve_fitting.rb	(43,29)-(43,32):wrong type of arguments	singleton(Math)	untyped
corpus/04-numeric/curve_fitting.rb	(71,34)-(71,35):failed to resolve overloads	Float	untyped
corpus/04-numeric/curve_fitting.rb	(75,45)-(75,46):failed to resolve overloads	Float	untyped
corpus/04-numeric/curve_fitting.rb	(91,20)-(91,23):wrong type of arguments	singleton(Math)	untyped
corpus/20-business/invoice_generator.rb	(61,7)-(61,10):failed to resolve overloads	singleton(Time)	?
corpus/15-data/fulfillment_report.rb	(122,15)-(122,20):undefined method: nil#price	Product?	
corpus/15-data/fulfillment_report.rb	(124,16)-(124,24):undefined method: nil#weight_g	Product?	
corpus/15-data/fulfillment_report.rb	(125,21)-(125,29):undefined method: nil#category	Product?	
corpus/15-data/fulfillment_report.rb	(125,21)-(125,29):undefined method: nil#category	Product?	
corpus/19-statemachines/enemy_ai.rb	(9,28)-(9,29):undefined method: nil#+	Integer?	Integer?
corpus/19-statemachines/enemy_ai.rb	(9,42)-(9,43):undefined method: nil#+	Integer?	Integer?
corpus/19-statemachines/enemy_ai.rb	(10,28)-(10,29):undefined method: nil#-	Integer?	Integer?
corpus/19-statemachines/enemy_ai.rb	(10,42)-(10,43):undefined method: nil#-	Integer?	Integer?
corpus/19-statemachines/enemy_ai.rb	(12,21)-(12,24):undefined method: nil#abs	Integer?	
corpus/19-statemachines/enemy_ai.rb	(12,30)-(12,33):undefined method: nil#abs	Integer?	
corpus/19-statemachines/enemy_ai.rb	(13,24)-(13,29):undefined method: nil#clamp	Integer?	Integer ; Integer
corpus/19-statemachines/enemy_ai.rb	(13,41)-(13,46):undefined method: nil#clamp	Integer?	Integer ; Integer
corpus/10-grids/chess_attacks.rb	(120,13)-(120,14):undefined method: Piece#+	(Integer | Piece)	Integer
corpus/10-grids/chess_attacks.rb	(125,51)-(125,52):undefined method: Piece#+	(Integer | Piece)	Integer
corpus/10-grids/connect_four.rb	(38,11)-(38,12):undefined method: nil#+	Integer?	Integer
corpus/07-trees/expression_tree.rb	(130,20)-(130,21):undefined method: nil#+	(Float | Integer | Numeric)?	(Float | Integer | Numeric)?
corpus/07-trees/expression_tree.rb	(131,20)-(131,21):undefined method: nil#-	(Float | Integer | Numeric)?	(Float | Integer | Numeric)?
corpus/07-trees/expression_tree.rb	(132,20)-(132,21):undefined method: nil#*	(Float | Integer | Numeric)?	(Float | Integer | Numeric)?
corpus/07-trees/expression_tree.rb	(132,20)-(132,21):undefined method: Numeric#*	(Float | Integer | Numeric)?	(Float | Integer | Numeric)?
corpus/07-trees/expression_tree.rb	(133,20)-(133,21):undefined method: nil#/	(Float | Integer | Numeric)?	(Float | Integer | Numeric)?
corpus/07-trees/expression_tree.rb	(133,20)-(133,21):undefined method: Numeric#/	(Float | Integer | Numeric)?	(Float | Integer | Numeric)?
corpus/07-trees/expression_tree.rb	(134,10)-(134,12):undefined method: nil#**	(Float | Integer | Numeric)?	(Float | Integer | Numeric)?
corpus/07-trees/expression_tree.rb	(134,10)-(134,12):undefined method: Numeric#**	(Float | Integer | Numeric)?	(Float | Integer | Numeric)?
corpus/07-trees/expression_tree.rb	(198,73)-(198,74):undefined method: nil#-	(Float | Integer | Numeric)?	Integer
corpus/07-trees/fenwick_ranks.rb	(64,56)-(64,61):undefined method: Integer#count	Integer	
corpus/07-trees/filesystem_du.rb	(4,6)-(4,16):wrong number of arguments (1 for 2)	-	
corpus/07-trees/filesystem_du.rb	(18,59)-(18,62):wrong type of arguments	singleton(Dir)	untyped ; Dir
corpus/07-trees/filesystem_du.rb	(100,11)-(100,14):wrong type of arguments	singleton(Dir)	String ; nil
corpus/08-graphs/kruskal_network.rb	(56,24)-(56,25):undefined method: nil#a	Edge?	
corpus/08-graphs/kruskal_network.rb	(56,36)-(56,37):undefined method: nil#b	Edge?	
corpus/12-parsers/forth.rb	(81,17)-(81,19):undefined method: nil#+	[(Integer | Numeric | false)?, (Integer | Numeric | false)?, Integer]	Integer
corpus/12-parsers/forth.rb	(81,17)-(81,19):undefined method: false#+	[(Integer | Numeric | false)?, (Integer | Numeric | false)?, Integer]	Integer
corpus/12-parsers/forth.rb	(82,20)-(82,21):undefined method: nil#<	(Integer | Numeric | false)?	(Integer | Numeric | false)?
corpus/12-parsers/forth.rb	(82,20)-(82,21):undefined method: false#<	(Integer | Numeric | false)?	(Integer | Numeric | false)?
corpus/12-parsers/forth.rb	(112,24)-(112,25):undefined method: nil#+	(Integer | Numeric | false)?	(Integer | Numeric | false)?
corpus/12-parsers/forth.rb	(112,24)-(112,25):undefined method: false#+	(Integer | Numeric | false)?	(Integer | Numeric | false)?
corpus/12-parsers/forth.rb	(113,24)-(113,25):undefined method: nil#-	(Integer | Numeric | false)?	(Integer | Numeric | false)?
corpus/12-parsers/forth.rb	(113,24)-(113,25):undefined method: false#-	(Integer | Numeric | false)?	(Integer | Numeric | false)?
corpus/12-parsers/forth.rb	(114,24)-(114,25):undefined method: nil#*	(Integer | Numeric | false)?	(Integer | Numeric | false)?
corpus/12-parsers/forth.rb	(114,24)-(114,25):undefined method: false#*	(Integer | Numeric | false)?	(Integer | Numeric | false)?
corpus/12-parsers/forth.rb	(115,24)-(115,25):undefined method: nil#/	(Integer | Numeric | false)?	(Integer | Numeric | false)?
corpus/12-parsers/forth.rb	(115,24)-(115,25):undefined method: false#/	(Integer | Numeric | false)?	(Integer | Numeric | false)?
corpus/12-parsers/forth.rb	(116,26)-(116,27):undefined method: nil#%	(Integer | Numeric | false)?	(Integer | Numeric | false)?
corpus/12-parsers/forth.rb	(116,26)-(116,27):undefined method: false#%	(Integer | Numeric | false)?	(Integer | Numeric | false)?
corpus/12-parsers/forth.rb	(118,29)-(118,30):undefined method: nil#<	(Integer | Numeric | false)?	(Integer | Numeric | false)?
corpus/12-parsers/forth.rb	(118,29)-(118,30):undefined method: false#<	(Integer | Numeric | false)?	(Integer | Numeric | false)?
corpus/12-parsers/forth.rb	(119,29)-(119,30):undefined method: nil#>	(Integer | Numeric | false)?	(Integer | Numeric | false)?
corpus/12-parsers/forth.rb	(119,29)-(119,30):undefined method: false#>	(Integer | Numeric | false)?	(Integer | Numeric | false)?
corpus/12-parsers/forth.rb	(138,33)-(138,36):undefined method: nil#chr	(Integer | Numeric | false)?	
corpus/12-parsers/forth.rb	(138,33)-(138,36):undefined method: false#chr	(Integer | Numeric | false)?	
corpus/12-parsers/json_parser.rb	(198,37)-(198,38):undefined method: true#*	(Float | Hash[String, (Float | Hash[String, untyped] | Integer | String | [] | bool)?] | Integer | String | [] | bool)?	(Float | Hash[String, (Float | Hash[String, untyped] | Integer | String | [] | bool)?] | Integer | String | [] | bool)?
corpus/12-parsers/json_parser.rb	(198,37)-(198,38):undefined method: false#*	(Float | Hash[String, (Float | Hash[String, untyped] | Integer | String | [] | bool)?] | Integer | String | [] | bool)?	(Float | Hash[String, (Float | Hash[String, untyped] | Integer | String | [] | bool)?] | Integer | String | [] | bool)?
corpus/12-parsers/json_parser.rb	(198,27)-(198,36):undefined method: true#[]	(Float | Hash[String, (Float | Hash[String, untyped] | Integer | String | [] | bool)?] | Integer | String | [] | bool)?	String
corpus/12-parsers/json_parser.rb	(198,27)-(198,36):undefined method: false#[]	(Float | Hash[String, (Float | Hash[String, untyped] | Integer | String | [] | bool)?] | Integer | String | [] | bool)?	String
corpus/12-parsers/json_parser.rb	(198,27)-(198,36):failed to resolve overloads	(Float | Hash[String, (Float | Hash[String, untyped] | Integer | String | [] | bool)?] | Integer | String | [] | bool)?	String
corpus/12-parsers/json_parser.rb	(198,40)-(198,49):undefined method: true#[]	(Float | Hash[String, (Float | Hash[String, untyped] | Integer | String | [] | bool)?] | Integer | String | [] | bool)?	String
corpus/12-parsers/json_parser.rb	(198,40)-(198,49):undefined method: false#[]	(Float | Hash[String, (Float | Hash[String, untyped] | Integer | String | [] | bool)?] | Integer | String | [] | bool)?	String
corpus/12-parsers/json_parser.rb	(198,40)-(198,49):failed to resolve overloads	(Float | Hash[String, (Float | Hash[String, untyped] | Integer | String | [] | bool)?] | Integer | String | [] | bool)?	String
corpus/12-parsers/json_parser.rb	(200,36)-(200,44):undefined method: true#include?	(Float | Hash[String, (Float | Hash[String, untyped] | Integer | String | [] | bool)?] | Integer | String | [] | bool)?	String
corpus/12-parsers/json_parser.rb	(200,36)-(200,44):undefined method: false#include?	(Float | Hash[String, (Float | Hash[String, untyped] | Integer | String | [] | bool)?] | Integer | String | [] | bool)?	String
corpus/12-parsers/json_parser.rb	(200,27)-(200,35):undefined method: true#[]	(Float | Hash[String, (Float | Hash[String, untyped] | Integer | String | [] | bool)?] | Integer | String | [] | bool)?	String
corpus/12-parsers/json_parser.rb	(200,27)-(200,35):undefined method: false#[]	(Float | Hash[String, (Float | Hash[String, untyped] | Integer | String | [] | bool)?] | Integer | String | [] | bool)?	String
corpus/12-parsers/json_parser.rb	(200,27)-(200,35):failed to resolve overloads	(Float | Hash[String, (Float | Hash[String, untyped] | Integer | String | [] | bool)?] | Integer | String | [] | bool)?	String
corpus/12-parsers/json_parser.rb	(201,35)-(201,44):undefined method: true#[]	(Float | Hash[String, (Float | Hash[String, untyped] | Integer | String | [] | bool)?] | Integer | String | [] | bool)?	String
corpus/12-parsers/json_parser.rb	(201,35)-(201,44):undefined method: false#[]	(Float | Hash[String, (Float | Hash[String, untyped] | Integer | String | [] | bool)?] | Integer | String | [] | bool)?	String
corpus/12-parsers/json_parser.rb	(201,35)-(201,44):failed to resolve overloads	(Float | Hash[String, (Float | Hash[String, untyped] | Integer | String | [] | bool)?] | Integer | String | [] | bool)?	String
corpus/11-simulation/teller_queue_des.rb	(105,13)-(105,17):undefined method: nil#time	nil	
corpus/11-simulation/teller_queue_des.rb	(106,11)-(106,19):undefined method: nil#customer	nil	
corpus/11-simulation/teller_queue_des.rb	(107,12)-(107,16):undefined method: nil#kind	nil	
corpus/11-simulation/teller_queue_des.rb	(116,17)-(116,23):undefined method: nil#teller	nil	
corpus/13-polymorphism/vector_polygon.rb	(11,28)-(11,29):undefined method: nil#x	Vec?	
corpus/13-polymorphism/vector_polygon.rb	(11,38)-(11,39):undefined method: nil#y	Vec?	
corpus/13-polymorphism/vector_polygon.rb	(43,23)-(43,24):undefined method: nil#-	nil	nil
corpus/15-data/quality_rules.rb	(3,19)-(3,24):undefined method: Rule#field	-	
corpus/15-data/quality_rules.rb	(4,32)-(4,41):undefined method: Rule#optional?	-	
corpus/15-data/quality_rules.rb	(5,14)-(5,19):undefined method: Rule#field	-	
corpus/15-data/quality_rules.rb	(6,4)-(6,9):undefined method: Rule#check	-	String
corpus/15-data/quality_rules.rb	(9,20)-(9,25):undefined method: Rule#field	-	
corpus/14-errors/retry_backoff.rb	(54,8)-(54,9):failed to resolve overloads	Integer	?
corpus/04-numeric/numeric_integration.rb	(4,40)-(4,41):undefined method: Numeric#*	(Integer | Numeric)	Float
corpus/04-numeric/ode_solver.rb	(48,40)-(48,42):undefined method: nil#**	Float?	Integer
corpus/12-parsers/rpn_calc.rb	(44,6)-(44,7):undefined method: nil#/	(Float | Integer)?	(Float | Integer)?
corpus/12-parsers/rpn_calc.rb	(68,27)-(68,28):undefined method: nil#-@	(Float | Integer)?	
corpus/12-parsers/shunting_yard.rb	(65,18)-(65,19):undefined method: Numeric#*	(Integer | Numeric | Rational)?	(Integer | Numeric | Rational)?
corpus/12-parsers/shunting_yard.rb	(66,18)-(66,19):undefined method: Numeric#/	(Integer | Numeric | Rational)?	(Integer | Numeric | Rational)?
corpus/12-parsers/shunting_yard.rb	(67,8)-(67,10):undefined method: Numeric#**	(Integer | Numeric | Rational)?	(Integer | Numeric | Rational)?
corpus/12-parsers/stack_vm.rb	(91,25)-(91,26):undefined method: nil#+	(Integer | Numeric | String)?	(Integer | Numeric | String)?
corpus/12-parsers/stack_vm.rb	(92,25)-(92,26):undefined method: nil#-	(Integer | Numeric | String)?	(Integer | Numeric | String)?
corpus/12-parsers/stack_vm.rb	(92,25)-(92,26):undefined method: String#-	(Integer | Numeric | String)?	(Integer | Numeric | String)?
corpus/12-parsers/stack_vm.rb	(93,25)-(93,26):undefined method: nil#*	(Integer | Numeric | String)?	(Integer | Numeric | String)?
corpus/12-parsers/stack_vm.rb	(94,25)-(94,26):undefined method: nil#/	(Integer | Numeric | String)?	(Integer | Numeric | String)?
corpus/12-parsers/stack_vm.rb	(94,25)-(94,26):undefined method: String#/	(Integer | Numeric | String)?	(Integer | Numeric | String)?
corpus/12-parsers/stack_vm.rb	(95,25)-(95,26):undefined method: nil#%	(Integer | Numeric | String)?	(Integer | Numeric | String)?
corpus/12-parsers/stack_vm.rb	(96,24)-(96,25):undefined method: nil#<	(Integer | Numeric | String)?	(Integer | Numeric | String)?
corpus/12-parsers/stack_vm.rb	(107,12)-(107,17):undefined method: String#times	(Integer | String)?	
corpus/12-parsers/symbolic_diff.rb	(226,20)-(226,21):undefined method: nil#+	(Float | Integer | Numeric)?	(Float | Integer | Numeric)?
corpus/12-parsers/symbolic_diff.rb	(227,20)-(227,21):undefined method: nil#-	(Float | Integer | Numeric)?	(Float | Integer | Numeric)?
corpus/12-parsers/symbolic_diff.rb	(228,20)-(228,21):undefined method: nil#*	(Float | Integer | Numeric)?	(Float | Integer | Numeric)?
corpus/12-parsers/symbolic_diff.rb	(228,20)-(228,21):undefined method: Numeric#*	(Float | Integer | Numeric)?	(Float | Integer | Numeric)?
corpus/12-parsers/symbolic_diff.rb	(229,20)-(229,21):undefined method: nil#/	(Float | Integer | Numeric)?	(Float | Integer | Numeric)?
corpus/12-parsers/symbolic_diff.rb	(229,20)-(229,21):undefined method: Numeric#/	(Float | Integer | Numeric)?	(Float | Integer | Numeric)?
corpus/12-parsers/symbolic_diff.rb	(230,19)-(230,21):undefined method: nil#**	(Float | Integer | Numeric)?	(Float | Integer | Numeric)?
corpus/12-parsers/symbolic_diff.rb	(230,19)-(230,21):undefined method: Numeric#**	(Float | Integer | Numeric)?	(Float | Integer | Numeric)?
corpus/12-parsers/symbolic_diff.rb	(242,50)-(242,55):undefined method: nil#round	(Float | Integer | Numeric)?	Integer
corpus/12-parsers/symbolic_diff.rb	(243,103)-(243,104):undefined method: Numeric#/	?	?
corpus/12-parsers/symbolic_diff.rb	(243,57)-(243,58):undefined method: nil#-	(Float | Integer | Numeric)?	(Float | Integer | Numeric)?
corpus/16-dates/date_arith.rb	(100,43)-(100,44):undefined method: Date#-@	(Date | Integer)	
corpus/16-dates/durations.rb	(38,13)-(38,18):undefined method: nil#strip	String?	
corpus/19-statemachines/circuit_breaker.rb	(129,25)-(129,34):undefined method: nil#end_with?	String?	String
corpus/19-statemachines/circuit_breaker.rb	(130,61)-(130,70):undefined method: nil#end_with?	String?	String
corpus/03-numtheory/miller_rabin.rb	(7,20)-(7,25):undefined method: Numeric#even?	(Integer | Numeric)	
corpus/03-numtheory/miller_rabin.rb	(24,10)-(24,15):undefined method: Numeric#even?	(Integer | Numeric)	
corpus/03-numtheory/miller_rabin.rb	(25,6)-(25,8):undefined method: Numeric#/	-	Integer
corpus/03-numtheory/pollard_rho.rb	(25,10)-(25,15):undefined method: Numeric#even?	(Integer | Numeric)	
corpus/03-numtheory/pollard_rho.rb	(26,6)-(26,8):undefined method: Numeric#/	-	Integer
corpus/03-numtheory/pollard_rho.rb	(96,37)-(96,42):undefined method: Numeric#even?	(Integer | Numeric)	
corpus/03-numtheory/pollard_rho.rb	(96,27)-(96,28):undefined method: Numeric#/	(Integer | Numeric)	Integer
corpus/03-numtheory/pollard_rho.rb	(102,30)-(102,31):undefined method: Numeric#/	(Integer | Numeric)	Integer
corpus/03-numtheory/pollard_rho.rb	(114,58)-(114,59):undefined method: Numeric#*	Numeric	Integer
corpus/04-numeric/interval_arithmetic.rb	(30,25)-(30,27):undefined method: Float#lo	(Float | Integer | Interval)?	
corpus/04-numeric/interval_arithmetic.rb	(30,25)-(30,27):undefined method: Integer#lo	(Float | Integer | Interval)?	
corpus/04-numeric/interval_arithmetic.rb	(30,37)-(30,39):undefined method: Float#hi	(Float | Integer | Interval)?	
corpus/04-numeric/interval_arithmetic.rb	(30,37)-(30,39):undefined method: Integer#hi	(Float | Integer | Interval)?	
corpus/04-numeric/interval_arithmetic.rb	(35,25)-(35,27):undefined method: Float#hi	(Float | Integer | Interval)?	
corpus/04-numeric/interval_arithmetic.rb	(35,25)-(35,27):undefined method: Integer#hi	(Float | Integer | Interval)?	
corpus/04-numeric/interval_arithmetic.rb	(35,37)-(35,39):undefined method: Float#lo	(Float | Integer | Interval)?	
corpus/04-numeric/interval_arithmetic.rb	(35,37)-(35,39):undefined method: Integer#lo	(Float | Integer | Interval)?	
corpus/04-numeric/interval_arithmetic.rb	(40,18)-(40,20):undefined method: Float#lo	(Float | Integer | Interval)?	
corpus/04-numeric/interval_arithmetic.rb	(40,18)-(40,20):undefined method: Integer#lo	(Float | Integer | Interval)?	
corpus/04-numeric/interval_arithmetic.rb	(40,30)-(40,32):undefined method: Float#hi	(Float | Integer | Interval)?	
corpus/04-numeric/interval_arithmetic.rb	(40,30)-(40,32):undefined method: Integer#hi	(Float | Integer | Interval)?	
corpus/04-numeric/interval_arithmetic.rb	(40,42)-(40,44):undefined method: Float#lo	(Float | Integer | Interval)?	
corpus/04-numeric/interval_arithmetic.rb	(40,42)-(40,44):undefined method: Integer#lo	(Float | Integer | Interval)?	
corpus/04-numeric/interval_arithmetic.rb	(40,54)-(40,56):undefined method: Float#hi	(Float | Integer | Interval)?	
corpus/04-numeric/interval_arithmetic.rb	(40,54)-(40,56):undefined method: Integer#hi	(Float | Integer | Interval)?	
corpus/04-numeric/interval_arithmetic.rb	(46,71)-(46,73):undefined method: Interval#<=	(Float | Integer | Interval)?	Float
corpus/04-numeric/interval_arithmetic.rb	(46,68)-(46,70):undefined method: Float#lo	(Float | Integer | Interval)?	
corpus/04-numeric/interval_arithmetic.rb	(46,68)-(46,70):undefined method: Integer#lo	(Float | Integer | Interval)?	
corpus/04-numeric/interval_arithmetic.rb	(46,86)-(46,88):undefined method: Interval#>=	(Float | Integer | Interval)?	Float
corpus/04-numeric/interval_arithmetic.rb	(46,83)-(46,85):undefined method: Float#hi	(Float | Integer | Interval)?	
corpus/04-numeric/interval_arithmetic.rb	(46,83)-(46,85):undefined method: Integer#hi	(Float | Integer | Interval)?	
corpus/04-numeric/interval_arithmetic.rb	(47,32)-(47,34):undefined method: Float#hi	(Float | Integer | Interval)?	
corpus/04-numeric/interval_arithmetic.rb	(47,32)-(47,34):undefined method: Integer#hi	(Float | Integer | Interval)?	
corpus/04-numeric/interval_arithmetic.rb	(47,44)-(47,46):undefined method: Float#lo	(Float | Integer | Interval)?	
corpus/04-numeric/interval_arithmetic.rb	(47,44)-(47,46):undefined method: Integer#lo	(Float | Integer | Interval)?	
corpus/04-numeric/interval_arithmetic.rb	(51,53)-(51,55):undefined method: Interval#>=	(Float | Integer | Interval)?	Float
corpus/04-numeric/interval_arithmetic.rb	(52,53)-(52,55):undefined method: Interval#<=	(Float | Integer | Interval)?	Float
corpus/04-numeric/interval_arithmetic.rb	(59,25)-(59,27):undefined method: Interval#<=	(Float | Integer | Interval)?	Float
corpus/04-numeric/interval_arithmetic.rb	(80,16)-(80,17):undefined method: Interval#>	(Float | Integer | Interval)?	(Float | Interval)
corpus/04-numeric/interval_arithmetic.rb	(86,10)-(86,11):undefined method: Interval#<	(Float | Interval)	(Float | Interval)
corpus/04-numeric/interval_arithmetic.rb	(90,40)-(90,41):undefined method: Interval#>	(Float | Integer | Interval)	Float
corpus/04-numeric/interval_arithmetic.rb	(101,17)-(101,18):undefined method: Interval#<	(Float | Integer | Interval)	Float
corpus/04-numeric/interval_arithmetic.rb	(103,39)-(103,40):undefined method: Interval#>	(Float | Integer | Interval)	Float
corpus/04-numeric/matrix_ops.rb	(29,27)-(29,31):undefined method: nil#size	([Float, Float, Float] | [Float, Float])?	
corpus/17-encodings/protobuf_wire.rb	(26,15)-(26,16):undefined method: String#&	(Integer | String)	Integer
corpus/17-encodings/protobuf_wire.rb	(27,6)-(27,9):undefined method: String#>>	-	Integer
corpus/17-encodings/protobuf_wire.rb	(42,50)-(42,52):undefined method: String#>>	(Integer | String)	?
corpus/17-encodings/protobuf_wire.rb	(44,19)-(44,24):undefined method: Integer#bytes	(Integer | String)	
corpus/17-encodings/protobuf_wire.rb	(55,17)-(55,18):undefined method: String#&	(Integer | String)	Integer
corpus/01-text/csv_report.rb	(123,44)-(123,48):undefined method: nil#size	nil	
corpus/01-text/human_format.rb	(75,31)-(75,32):failed to resolve overloads	Integer	Numeric
corpus/02-analytics/rake_keywords.rb	(143,15)-(143,21):undefined method: nil#values	Hash[String, Keyword]?	
corpus/02-analytics/rake_keywords.rb	(144,26)-(144,30):undefined method: nil#size	Hash[String, Keyword]?	
corpus/02-analytics/rake_keywords.rb	(146,6)-(146,10):undefined method: nil#each	Hash[String, Keyword]?	
corpus/02-analytics/readability.rb	(55,34)-(55,43):wrong number of arguments (2 for 0)	-	String ; Hash[String?, Integer]
corpus/07-trees/decision_tree.rb	(42,18)-(42,26):wrong number of arguments (2 for 0)	-	Array[untyped] ; String
corpus/07-trees/decision_tree.rb	(44,18)-(44,26):wrong number of arguments (2 for 0)	-	Array[untyped] ; String
corpus/07-trees/decision_tree.rb	(48,28)-(48,36):wrong number of arguments (2 for 0)	-	Array[untyped] ; String
corpus/01-text/spell_suggest.rb	(54,8)-(54,16):wrong number of arguments (2 for 0)	-	String ; String
corpus/01-text/spell_suggest.rb	(79,37)-(79,41):undefined method: nil#word	Suggestion?	
corpus/01-text/spell_suggest.rb	(88,67)-(88,75):wrong number of arguments (2 for 0)	-	String ; String
corpus/03-numtheory/factor_functions.rb	(27,43)-(27,44):undefined method: Numeric#/	?	?
corpus/03-numtheory/fibonacci_numbers.rb	(27,38)-(27,42):undefined method: Numeric#odd?	(Integer | Numeric)	
corpus/03-numtheory/fibonacci_numbers.rb	(29,8)-(29,10):undefined method: Numeric#/	-	Integer
corpus/18-collections/library_loans.rb	(15,11)-(15,16):undefined method: Report#lines	-	
corpus/18-collections/library_loans.rb	(16,7)-(16,14):undefined method: Report#heading	-	
corpus/18-collections/lottery.rb	(24,17)-(24,18):wrong type of arguments	Set[Integer?]	nil
corpus/18-collections/lottery.rb	(24,17)-(24,18):wrong type of arguments	Set[Integer?]	nil
corpus/18-collections/lottery.rb	(24,17)-(24,18):wrong type of arguments	Set[Integer?]	nil
corpus/18-collections/lottery.rb	(24,17)-(24,18):wrong type of arguments	Set[Integer?]	nil
corpus/18-collections/lottery.rb	(24,17)-(24,18):wrong type of arguments	Set[Integer?]	nil
corpus/18-collections/lottery.rb	(24,17)-(24,18):wrong type of arguments	Set[Integer?]	nil
corpus/18-collections/lottery.rb	(24,17)-(24,18):wrong type of arguments	Set[Integer?]	nil
corpus/18-collections/lottery.rb	(59,18)-(59,19):undefined method: nil#-	Integer?	Integer?
corpus/15-data/size_histogram.rb	(25,10)-(25,12):undefined method: Numeric#/	-	Integer
corpus/15-data/table_renderer.rb	(36,10)-(36,13):undefined method: String#abs	(Float | Integer | String)?	
corpus/15-data/table_renderer.rb	(43,7)-(43,12):undefined method: Integer#split	(Float | Integer | String)?	String
corpus/15-data/table_renderer.rb	(43,7)-(43,12):undefined method: Float#split	(Float | Integer | String)?	String
corpus/14-errors/order_lifecycle.rb	(53,69)-(53,75):undefined method: Integer#empty?	(Integer | String)	
corpus/14-errors/param_coercion.rb	(79,61)-(79,62):undefined method: true#>	(Array[untyped] | Integer | Rational | String | Symbol | bool)	(Array[untyped] | Integer | Rational | String | Symbol | bool)
corpus/14-errors/param_coercion.rb	(79,61)-(79,62):undefined method: false#>	(Array[untyped] | Integer | Rational | String | Symbol | bool)	(Array[untyped] | Integer | Rational | String | Symbol | bool)
corpus/14-errors/param_coercion.rb	(79,61)-(79,62):undefined method: Array[untyped]#>	(Array[untyped] | Integer | Rational | String | Symbol | bool)	(Array[untyped] | Integer | Rational | String | Symbol | bool)
corpus/05-sorting/quicksort_median3.rb	(32,14)-(32,15):undefined method: Product#<	(Integer | Numeric | Product)	(Integer | Numeric | Product)
corpus/05-sorting/quicksort_median3.rb	(32,2)-(32,13):undefined method: :price#call	-	(Integer | Numeric | Product)
corpus/05-sorting/quicksort_median3.rb	(32,2)-(32,13):undefined method: :name#call	-	(Integer | Numeric | Product)
corpus/05-sorting/quicksort_median3.rb	(32,2)-(32,13):undefined method: :stock#call	-	(Integer | Numeric | Product)
corpus/05-sorting/quicksort_median3.rb	(32,16)-(32,27):undefined method: :price#call	-	(Integer | Numeric | Product)
corpus/05-sorting/quicksort_median3.rb	(32,16)-(32,27):undefined method: :name#call	-	(Integer | Numeric | Product)
corpus/05-sorting/quicksort_median3.rb	(32,16)-(32,27):undefined method: :stock#call	-	(Integer | Numeric | Product)
corpus/05-sorting/quicksort_median3.rb	(86,40)-(86,42):undefined method: Product#<=	(Integer | Numeric | Product)	(Integer | Numeric | Product)
corpus/05-sorting/quicksort_median3.rb	(106,57)-(106,60):undefined method: Integer#sku	(Integer | Numeric | Product)	
corpus/05-sorting/quicksort_median3.rb	(106,65)-(106,69):undefined method: Integer#name	(Integer | Numeric | Product)	
corpus/05-sorting/quicksort_median3.rb	(106,74)-(106,79):undefined method: Integer#price	(Integer | Numeric | Product)	
corpus/05-sorting/quicksort_median3.rb	(114,42)-(114,46):undefined method: Integer#name	(Integer | Numeric | Product)	
corpus/05-sorting/quicksort_median3.rb	(114,79)-(114,83):undefined method: Integer#name	(Integer | Numeric | Product)	
corpus/05-sorting/quicksort_median3.rb	(128,42)-(128,43):undefined method: Product#-@	(Integer | Numeric | Product)	
corpus/05-sorting/quicksort_median3.rb	(130,54)-(130,55):undefined method: Product#-@	(Integer | Numeric | Product)	
corpus/05-sorting/radix_order_ids.rb	(16,26)-(16,34):undefined method: :zone#call	-	Shipment
corpus/05-sorting/radix_order_ids.rb	(16,26)-(16,34):undefined method: :zone#call	-	Shipment
corpus/05-sorting/radix_order_ids.rb	(26,8)-(26,16):undefined method: :zone#call	-	Shipment
corpus/05-sorting/radix_order_ids.rb	(40,46)-(40,47):undefined method: Shipment#/	Shipment	Integer
corpus/05-sorting/radix_order_ids.rb	(86,7)-(86,8):undefined method: Shipment#-	Shipment	Shipment
corpus/05-sorting/radix_order_ids.rb	(87,20)-(87,21):undefined method: Shipment#-	Shipment	Shipment
corpus/20-business/timesheet.rb	(54,18)-(54,21):undefined method: nil#sum	nil	
corpus/20-business/timesheet.rb	(55,23)-(55,32):undefined method: nil#each_cons	nil	Integer
corpus/20-business/timesheet.rb	(84,19)-(84,22):undefined method: nil#map	nil	
corpus/20-business/timesheet.rb	(86,43)-(86,48):undefined method: nil#first	nil	
corpus/05-sorting/autocomplete_msd.rb	(37,38)-(37,42):undefined method: String#take	(Array[String] | String)?	Integer
corpus/05-sorting/bucket_sort_ratings.rb	(29,20)-(29,31):undefined method: :score#call	-	untyped
corpus/05-sorting/bucket_sort_ratings.rb	(29,34)-(29,42):undefined method: :score#call	-	untyped
corpus/05-sorting/bucket_sort_ratings.rb	(41,17)-(41,21):undefined method: :score#call	(:score | <Proc>)	Rating
corpus/05-sorting/external_sort_sim.rb	(16,17)-(16,18):undefined method: nil#>	Integer?	Integer?
corpus/06-linked/ring_buffer_metrics.rb	(96,27)-(96,28):undefined method: nil#<	Float?	Float
corpus/06-linked/ring_buffer_metrics.rb	(96,16)-(96,17):undefined method: nil#*	Float?	Integer
corpus/06-linked/rpn_stack_calculator.rb	(78,18)-(78,19):undefined method: nil#+	(Float | Integer | Numeric)?	(Float | Integer | Numeric)?
corpus/06-linked/rpn_stack_calculator.rb	(79,18)-(79,19):undefined method: nil#-	(Float | Integer | Numeric)?	(Float | Integer | Numeric)?
corpus/06-linked/rpn_stack_calculator.rb	(80,18)-(80,19):undefined method: nil#*	(Float | Integer | Numeric)?	(Float | Integer | Numeric)?
corpus/06-linked/rpn_stack_calculator.rb	(80,18)-(80,19):undefined method: Numeric#*	(Float | Integer | Numeric)?	(Float | Integer | Numeric)?
corpus/06-linked/rpn_stack_calculator.rb	(81,70)-(81,71):undefined method: nil#/	(Float | Integer | Numeric)?	(Float | Integer | Numeric)?
corpus/06-linked/rpn_stack_calculator.rb	(81,70)-(81,71):undefined method: Numeric#/	(Float | Integer | Numeric)?	(Float | Integer | Numeric)?
corpus/06-linked/rpn_stack_calculator.rb	(82,18)-(82,19):undefined method: nil#%	(Float | Integer | Numeric)?	(Float | Integer | Numeric)?
corpus/06-linked/rpn_stack_calculator.rb	(83,17)-(83,19):undefined method: nil#**	(Float | Integer | Numeric)?	(Float | Integer | Numeric)?
corpus/06-linked/rpn_stack_calculator.rb	(83,17)-(83,19):undefined method: Numeric#**	(Float | Integer | Numeric)?	(Float | Integer | Numeric)?
corpus/06-linked/rpn_stack_calculator.rb	(108,17)-(108,18):undefined method: nil#-@	(Float | Integer | Numeric)?	
corpus/13-polymorphism/matrix_ops.rb	(31,23)-(31,27):undefined method: nil#size	([Integer, Integer, Integer] | [Integer, Integer])?	
corpus/13-polymorphism/matrix_ops.rb	(43,22)-(43,27):undefined method: Float#nrows	(Float | Integer | Matrix | Rational)?	
corpus/13-polymorphism/matrix_ops.rb	(43,22)-(43,27):undefined method: Rational#nrows	(Float | Integer | Matrix | Rational)?	
corpus/13-polymorphism/matrix_ops.rb	(43,42)-(43,47):undefined method: Float#ncols	(Float | Integer | Matrix | Rational)?	
corpus/13-polymorphism/matrix_ops.rb	(43,42)-(43,47):undefined method: Rational#ncols	(Float | Integer | Matrix | Rational)?	
corpus/13-polymorphism/matrix_ops.rb	(44,64)-(44,69):undefined method: Float#nrows	(Float | Integer | Matrix | Rational)?	
corpus/13-polymorphism/matrix_ops.rb	(44,64)-(44,69):undefined method: Rational#nrows	(Float | Integer | Matrix | Rational)?	
corpus/13-polymorphism/matrix_ops.rb	(44,75)-(44,80):undefined method: Float#ncols	(Float | Integer | Matrix | Rational)?	
corpus/13-polymorphism/matrix_ops.rb	(44,75)-(44,80):undefined method: Rational#ncols	(Float | Integer | Matrix | Rational)?	
corpus/13-polymorphism/matrix_ops.rb	(50,54)-(50,60):undefined method: Rational#[]	(Float | Integer | Matrix | Rational)?	Integer ; Integer
corpus/13-polymorphism/matrix_ops.rb	(50,54)-(50,60):undefined method: Float#[]	(Float | Integer | Matrix | Rational)?	Integer ; Integer
corpus/13-polymorphism/matrix_ops.rb	(55,54)-(55,60):undefined method: Float#[]	(Float | Integer | Matrix | Rational)?	Integer ; Integer
corpus/13-polymorphism/matrix_ops.rb	(55,54)-(55,60):undefined method: Rational#[]	(Float | Integer | Matrix | Rational)?	Integer ; Integer
corpus/13-polymorphism/matrix_ops.rb	(101,22)-(101,23):undefined method: Matrix#/	(Float | Integer | Matrix | Rational)?	(Float | Integer | Matrix | Rational)?
corpus/13-polymorphism/matrix_ops.rb	(117,52)-(117,53):undefined method: Matrix#/	(Float | Integer | Matrix | Rational)?	(Float | Integer | Matrix | Rational)?
corpus/13-polymorphism/modint_combinatorics.rb	(26,35)-(26,36):undefined method: ModInt#%	(Integer | ModInt | Numeric)	Integer
corpus/13-polymorphism/modint_combinatorics.rb	(37,37)-(37,38):undefined method: Integer#v	(Integer | ModInt)	
corpus/13-polymorphism/modint_combinatorics.rb	(38,37)-(38,38):undefined method: Integer#v	(Integer | ModInt)	
corpus/13-polymorphism/modint_combinatorics.rb	(39,37)-(39,38):undefined method: Integer#v	(Integer | ModInt)	
corpus/13-polymorphism/modint_combinatorics.rb	(56,29)-(56,36):undefined method: Integer#inverse	(Integer | ModInt)	
corpus/12-parsers/assembler.rb	(38,8)-(38,13):undefined method: nil#match	nil	Regexp
corpus/12-parsers/assembler.rb	(74,11)-(74,22):undefined method: nil#start_with?	nil	String
corpus/12-parsers/assembler.rb	(75,13)-(75,18):undefined method: nil#[]	nil	Range[Integer?]
corpus/12-parsers/calc_rd.rb	(80,10)-(80,12):undefined method: Numeric#*	-	(Float | Integer | Numeric)?
corpus/12-parsers/calc_rd.rb	(98,18)-(98,20):undefined method: Numeric#**	(Float | Integer | Numeric)?	(Float | Integer | Numeric)?
corpus/12-parsers/cmdline_parser.rb	(46,35)-(46,37):undefined method: true#<<	(Array[(Integer | String | bool)?] | Integer | String | [] | bool)?	(Integer | String | bool)?
corpus/12-parsers/cmdline_parser.rb	(46,35)-(46,37):undefined method: false#<<	(Array[(Integer | String | bool)?] | Integer | String | [] | bool)?	(Integer | String | bool)?
corpus/12-parsers/cmdline_parser.rb	(47,36)-(47,38):wrong type of arguments	Hash[String, (Array[(Integer | String | bool)?] | Integer | String | [] | bool)?]	Integer
corpus/12-parsers/cmdline_parser.rb	(47,36)-(47,38):wrong type of arguments	Hash[String, (Array[(Integer | String | bool)?] | Integer | String | [] | bool)?]	Integer
corpus/12-parsers/cmdline_parser.rb	(47,36)-(47,38):wrong type of arguments	Hash[String, (Array[(Integer | String | bool)?] | Integer | String | [] | bool)?]	Integer
corpus/12-parsers/cmdline_parser.rb	(47,36)-(47,38):undefined method: true#+	Hash[String, (Array[(Integer | String | bool)?] | Integer | String | [] | bool)?]	Integer
corpus/12-parsers/cmdline_parser.rb	(47,36)-(47,38):undefined method: false#+	Hash[String, (Array[(Integer | String | bool)?] | Integer | String | [] | bool)?]	Integer
corpus/17-encodings/base32_ids.rb	(6,15)-(6,20):undefined method: Base32#chars	-	
corpus/17-encodings/base32_ids.rb	(19,4)-(19,7):undefined method: Base32#pad	-	String
corpus/17-encodings/base32_ids.rb	(26,4)-(26,13):undefined method: Base32#normalize	-	String
corpus/17-encodings/base32_ids.rb	(39,20)-(39,25):undefined method: Base32#chars	-	
corpus/14-errors/job_queue.rb	(64,72)-(64,80):undefined method: nil#include?	nil	String
corpus/13-polymorphism/fraction_math.rb	(22,15)-(22,16):undefined method: Numeric#/	(Integer | Numeric)	Integer
corpus/13-polymorphism/fraction_math.rb	(22,22)-(22,23):undefined method: Numeric#/	(Integer | Numeric)	Integer
corpus/13-polymorphism/interval_arith.rb	(38,14)-(38,15):undefined method: Numeric#*	(Float | Integer | Numeric)	(Float | Integer | Numeric)
corpus/13-polymorphism/interval_arith.rb	(38,26)-(38,27):undefined method: Numeric#*	(Float | Integer | Numeric)	(Float | Integer | Numeric)
corpus/13-polymorphism/interval_arith.rb	(38,38)-(38,39):undefined method: Numeric#*	(Float | Integer | Numeric)	(Float | Integer | Numeric)
corpus/13-polymorphism/interval_arith.rb	(38,50)-(38,51):undefined method: Numeric#*	(Float | Integer | Numeric)	(Float | Integer | Numeric)
corpus/13-polymorphism/interval_arith.rb	(53,23)-(53,25):undefined method: Numeric#**	(Float | Integer | Numeric)	Integer
corpus/13-polymorphism/interval_arith.rb	(53,33)-(53,35):undefined method: Numeric#**	(Float | Integer | Numeric)	Integer
corpus/13-polymorphism/interval_arith.rb	(55,23)-(55,25):undefined method: Numeric#**	(Float | Integer | Numeric)	Integer
corpus/13-polymorphism/interval_arith.rb	(55,33)-(55,35):undefined method: Numeric#**	(Float | Integer | Numeric)	Integer
corpus/13-polymorphism/interval_arith.rb	(57,27)-(57,29):undefined method: Numeric#**	(Float | Integer | Numeric)	Integer
corpus/13-polymorphism/interval_arith.rb	(57,37)-(57,39):undefined method: Numeric#**	(Float | Integer | Numeric)	Integer
corpus/13-polymorphism/interval_arith.rb	(62,24)-(62,25):undefined method: Numeric#/	?	Float
corpus/13-polymorphism/interval_arith.rb	(97,22)-(97,31):undefined method: Numeric#contains?	(Float | Interval | Numeric)	Integer
corpus/13-polymorphism/interval_arith.rb	(97,22)-(97,31):undefined method: Float#contains?	(Float | Interval | Numeric)	Integer
corpus/13-polymorphism/interval_arith.rb	(157,48)-(157,52):undefined method: nil#hull	nil	Interval
corpus/13-polymorphism/interval_arith.rb	(159,34)-(159,37):undefined method: nil#mid	nil	
corpus/13-polymorphism/life_grid.rb	(4,4)-(4,13):undefined method: CellSet#each_cell	-	
corpus/13-polymorphism/life_grid.rb	(11,4)-(11,13):undefined method: CellSet#each_cell	-	
corpus/03-numtheory/quadratic_residues.rb	(59,10)-(59,13):failed to resolve overloads	Integer	Numeric ; Integer
corpus/03-numtheory/sieve_primes.rb	(82,71)-(82,75):undefined method: nil#join	Array[Integer]?	String
