path	line:col	op	category	nil_only	explanation	fix
corpus-v2/08-graphs/prim_cables.sake	28:38	Indexable.[]	typer-bug	yes	u (init nil, l.25) is an outer local written inside a block; the nil test does not narrow it there (restrict() requires env.owns?), so on the first block pass it is exactly nil; `u == nil ||` (l.28) left side does not help	narrow block-captured outer locals (restrict() skips non-owned slots) and don't report checks from the pre-fixpoint block pass
corpus-v2/09-dp/dice_odds.sake	54:16	Rational.to_s	numeric-mix	no	Hash.sum (l.23/25) of a possibly-empty Hash is typed Integer 0 besides Rational	type an empty sum by its elements (or explicit 0r init)
corpus-v2/09-dp/dice_odds.sake	68:85	Rational.to_s	numeric-mix	no	Hash.sum (l.23/25) of a possibly-empty Hash is typed Integer 0 besides Rational	type an empty sum by its elements (or explicit 0r init)
corpus-v2/09-dp/dice_odds.sake	71:55	Rational.to_s	numeric-mix	no	Hash.sum (l.23/25) of a possibly-empty Hash is typed Integer 0 besides Rational	type an empty sum by its elements (or explicit 0r init)
corpus-v2/09-dp/dice_odds.sake	77:59	Rational.to_f	numeric-mix	no	Array.sum (l.48) of a possibly-empty drop adds Integer 0 to Rational	type an empty sum by its elements (or explicit 0r init)
corpus-v2/09-dp/egg_drop.sake	16:27	Comparable.<	typer-bug	yes	best (init nil, l.11) is an outer local written inside a block; the nil test does not narrow it there (restrict() requires env.owns?), so on the first block pass it is exactly nil	narrow block-captured outer locals (restrict() skips non-owned slots) and don't report checks from the pre-fixpoint block pass
corpus-v2/09-dp/held_karp.sake	39:27	Comparable.<	typer-bug	yes	tour_len (init nil, l.33) is an outer local written inside a block; the nil test does not narrow it there (restrict() requires env.owns?), so on the first block pass it is exactly nil	narrow block-captured outer locals (restrict() skips non-owned slots) and don't report checks from the pre-fixpoint block pass
corpus-v2/09-dp/interval_scheduling.sake	6:32	Clock.get_minutes	typer-bug	no	struct_hooks (typer.rb:587) analyzes Clock#<=> (an Array of Booking holding Clock fields, l.84) with the other operand = union of every Struct reachable from a built-in's argument (containing/contained types), not just the same type	struct_hooks: call each type's <=>/== with its own type as the other operand, not the union of all reachable structs
corpus-v2/09-dp/matrix_chain.sake	25:27	Comparable.<	typer-bug	yes	best (init nil, l.22) is an outer local written inside a block; the nil test does not narrow it there (restrict() requires env.owns?), so on the first block pass it is exactly nil	narrow block-captured outer locals (restrict() skips non-owned slots) and don't report checks from the pre-fixpoint block pass
corpus-v2/09-dp/optimal_bst.sake	20:31	Arithmetic.-	typer-bug	yes	best (init nil, l.17) is an outer local written inside a block; the nil test does not narrow it there (restrict() requires env.owns?), so on the first block pass it is exactly nil	narrow block-captured outer locals (restrict() skips non-owned slots) and don't report checks from the pre-fixpoint block pass
corpus-v2/09-dp/palindromes.sake	39:25	Comparable.<	typer-bug	yes	best (init nil, l.34) is an outer local written inside a block; the nil test does not narrow it there (restrict() requires env.owns?), so on the first block pass it is exactly nil	narrow block-captured outer locals (restrict() skips non-owned slots) and don't report checks from the pre-fixpoint block pass
corpus-v2/09-dp/stock_trading.sake	46:30	Arithmetic.+	typer-bug	yes	hold (init nil, l.41) is an outer local written inside a block; the nil test does not narrow it there (restrict() requires env.owns?), so on the first block pass it is exactly nil (ternary `hold == nil ? 0 : hold + p`)	narrow block-captured outer locals (restrict() skips non-owned slots) and don't report checks from the pre-fixpoint block pass
corpus-v2/09-dp/stock_trading.sake	48:39	Comparable.>	typer-bug	yes	hold (init nil, l.41) is an outer local written inside a block; the nil test does not narrow it there (restrict() requires env.owns?), so on the first block pass it is exactly nil	narrow block-captured outer locals (restrict() skips non-owned slots) and don't report checks from the pre-fixpoint block pass
corpus-v2/10-grids/lights_out.sake	73:60	Array.size	typer-bug	yes	best (init nil, l.54) is an outer local written inside a block; the nil test does not narrow it there (restrict() requires env.owns?), so on the first block pass it is exactly nil	narrow block-captured outer locals (restrict() skips non-owned slots) and don't report checks from the pre-fixpoint block pass
corpus-v2/10-grids/sudoku_solver.sake	51:51	Array.size	typer-bug	yes	best_cands (init nil, l.47) is an outer local written inside a block; the nil test does not narrow it there (restrict() requires env.owns?), so on the first block pass it is exactly nil	narrow block-captured outer locals (restrict() skips non-owned slots) and don't report checks from the pre-fixpoint block pass
corpus-v2/10-grids/tic_tac_toe.sake	68:54	Comparable.>	typer-bug	yes	best_score (init nil, l.63) is an outer local written inside a block; the nil test does not narrow it there (restrict() requires env.owns?), so on the first block pass it is exactly nil; s also gets nil from Array.max/min of maybe-empty scores (l.54) though the else-branch is only taken when free(g) is non-empty	narrow block-captured outer locals (restrict() skips non-owned slots) and don't report checks from the pre-fixpoint block pass
corpus-v2/10-grids/tic_tac_toe.sake	68:71	Comparable.<	typer-bug	yes	best_score (init nil, l.63) is an outer local written inside a block; the nil test does not narrow it there (restrict() requires env.owns?), so on the first block pass it is exactly nil; s also gets nil from Array.max/min of maybe-empty scores (l.54) though the else-branch is only taken when free(g) is non-empty	narrow block-captured outer locals (restrict() skips non-owned slots) and don't report checks from the pre-fixpoint block pass
corpus-v2/11-simulation/hotel_bookings.sake	8:3	case/in	path-correlation	no	:none appears only in :cancel rows of the request tuples (l.96-97); Hotel.book→base_rate is only reached when action == :book (l.104), but the tuple column type is shared	correlate tuple columns with a tag column, or rewrite
corpus-v2/11-simulation/library_loans.sake	73:12	Integer.clamp	path-correlation	no	the arg column of script tuples (l.88-94) is String|Integer; only :pay rows (Integer) reach pay via `case action in :pay` (l.104)	correlate tuple columns with a tag column, or rewrite
corpus-v2/11-simulation/teller_queue_des.sake	9:19	Event.get_time	typer-bug	no	Customer comes from struct_hooks calling Event#<=> with the union of reachable structs (Event holds a Customer field); nil from heap item reads @items[i] (l.27,45) compared with <=/<	struct_hooks: call each type's <=>/== with its own type as the other operand, not the union of all reachable structs
corpus-v2/12-parsers/cmdline_parser.sake	103:3	case/in	heterogeneous-container	no	show(v) gets result-hash values (l.20) typed bool|nil|Integer|String|Array; nil is the :list opt's default (l.10) that l.20 replaces with Array[] but the field type keeps (also typer-bug: `true | false` inside an `in` alternation never removes Boolean)	per-key hash types, or rewrite; fix Boolean coverage by true|false alternation
corpus-v2/12-parsers/cmdline_parser.sake	33:17	Array.push	heterogeneous-container	no	result[name] (hash from defaults, l.18-21) holds bool|nil|Integer|String|Array; the opt type (:list/:count) decides which, l.32	per-key hash types / tagged values, or rewrite
corpus-v2/12-parsers/cmdline_parser.sake	34:18	Arithmetic.+	heterogeneous-container	no	result[name] (hash from defaults, l.18-21) holds bool|nil|Integer|String|Array; the opt type (:list/:count) decides which, l.32	per-key hash types / tagged values, or rewrite
corpus-v2/12-parsers/ini_parser.sake	13:27	Entry.get_raw	typer-bug	yes	last (init nil, l.8) is an outer local written inside a block; the nil test does not narrow it there (restrict() requires env.owns?), so on the first block pass it is exactly nil (`&& last != nil`, l.12)	narrow block-captured outer locals (restrict() skips non-owned slots) and don't report checks from the pre-fixpoint block pass
corpus-v2/12-parsers/ini_parser.sake	13:7	Entry.set_raw	typer-bug	yes	last (init nil, l.8) is an outer local written inside a block; the nil test does not narrow it there (restrict() requires env.owns?), so on the first block pass it is exactly nil (`&& last != nil`, l.12)	narrow block-captured outer locals (restrict() skips non-owned slots) and don't report checks from the pre-fixpoint block pass
corpus-v2/12-parsers/json_parser.sake	131:3	case/in	typer-bug	no	`in Integer | Float | true | false` (l.146) does not remove Boolean: match_known(PValue true/false) leaves ty in the rest, and the open-literal exemption only looks at top-level PValue clauses	treat true and false alternatives as covering Boolean
corpus-v2/12-parsers/json_parser.sake	156:13	Indexable.[]	typer-bug	no	cur (l.151) is an outer local reassigned in the each block; `return nil unless cur in Array/Hash` (l.155/158) does not narrow a non-owned slot	narrow block-captured outer locals (restrict() skips non-owned slots) and don't report checks from the pre-fixpoint block pass
corpus-v2/12-parsers/json_parser.sake	159:13	Indexable.[]	typer-bug	no	cur (l.151) is an outer local reassigned in the each block; `return nil unless cur in Array/Hash` (l.155/158) does not narrow a non-owned slot	narrow block-captured outer locals (restrict() skips non-owned slots) and don't report checks from the pre-fixpoint block pass
corpus-v2/12-parsers/json_parser.sake	159:13	Indexable.[]	typer-bug	no	cur (l.151) is an outer local reassigned in the each block; `return nil unless cur in Array/Hash` (l.155/158) does not narrow a non-owned slot	narrow block-captured outer locals (restrict() skips non-owned slots) and don't report checks from the pre-fixpoint block pass
corpus-v2/12-parsers/json_parser.sake	194:11	Array.sum	heterogeneous-container	no	books elements are JSON values (Hash@L49 values union); program knows b["price"]/["stock"]/["tags"] types by document structure	rewrite (typed accessors) / structural JSON typing
corpus-v2/12-parsers/json_parser.sake	194:44	Arithmetic.*	heterogeneous-container	no	books elements are JSON values (Hash@L49 values union); program knows b["price"]/["stock"]/["tags"] types by document structure	rewrite (typed accessors) / structural JSON typing
corpus-v2/12-parsers/json_parser.sake	194:44	Indexable.[]	heterogeneous-container	no	books elements are JSON values (Hash@L49 values union); program knows b["price"]/["stock"]/["tags"] types by document structure	rewrite (typed accessors) / structural JSON typing
corpus-v2/12-parsers/json_parser.sake	194:44	Indexable.[]	heterogeneous-container	no	books elements are JSON values (Hash@L49 values union); program knows b["price"]/["stock"]/["tags"] types by document structure	rewrite (typed accessors) / structural JSON typing
corpus-v2/12-parsers/json_parser.sake	194:57	Indexable.[]	heterogeneous-container	no	books elements are JSON values (Hash@L49 values union); program knows b["price"]/["stock"]/["tags"] types by document structure	rewrite (typed accessors) / structural JSON typing
corpus-v2/12-parsers/json_parser.sake	194:57	Indexable.[]	heterogeneous-container	no	books elements are JSON values (Hash@L49 values union); program knows b["price"]/["stock"]/["tags"] types by document structure	rewrite (typed accessors) / structural JSON typing
corpus-v2/12-parsers/json_parser.sake	195:28	Float.round	numeric-mix	no	total = Array.sum (l.194) adds Integer 0 for empty and Integer prices ("price": 4) though the sum is Float at run time	type an empty sum by its elements; Float.round on Integer|Float
corpus-v2/12-parsers/json_parser.sake	196:34	Array.include?	heterogeneous-container	no	books elements are JSON values (Hash@L49 values union); program knows b["price"]/["stock"]/["tags"] types by document structure	rewrite (typed accessors) / structural JSON typing
corpus-v2/12-parsers/json_parser.sake	196:49	Indexable.[]	heterogeneous-container	no	books elements are JSON values (Hash@L49 values union); program knows b["price"]/["stock"]/["tags"] types by document structure	rewrite (typed accessors) / structural JSON typing
corpus-v2/12-parsers/json_parser.sake	196:49	Indexable.[]	heterogeneous-container	no	books elements are JSON values (Hash@L49 values union); program knows b["price"]/["stock"]/["tags"] types by document structure	rewrite (typed accessors) / structural JSON typing
corpus-v2/12-parsers/json_parser.sake	197:53	Indexable.[]	heterogeneous-container	no	books elements are JSON values (Hash@L49 values union); program knows b["price"]/["stock"]/["tags"] types by document structure	rewrite (typed accessors) / structural JSON typing
corpus-v2/12-parsers/json_parser.sake	197:53	Indexable.[]	heterogeneous-container	no	books elements are JSON values (Hash@L49 values union); program knows b["price"]/["stock"]/["tags"] types by document structure	rewrite (typed accessors) / structural JSON typing
corpus-v2/12-parsers/lisp_interp.sake	118:8	Array.size	heterogeneous-container	no	Lisp values (Integer|bool|nil|Lambda|Prim|Symbol|Array) live in one element type; the program knows by form/primitive which is a list or number	rewrite (tagged values) / none at level 1
corpus-v2/12-parsers/lisp_interp.sake	131:14	Array.sum	heterogeneous-container	no	Lisp values (Integer|bool|nil|Lambda|Prim|Symbol|Array) live in one element type; the program knows by form/primitive which is a list or number	rewrite (tagged values) / none at level 1
corpus-v2/12-parsers/lisp_interp.sake	132:45	Arithmetic.*	heterogeneous-container	no	Lisp values (Integer|bool|nil|Lambda|Prim|Symbol|Array) live in one element type; the program knows by form/primitive which is a list or number	rewrite (tagged values) / none at level 1
corpus-v2/12-parsers/lisp_interp.sake	133:101	Arithmetic.-	heterogeneous-container	no	Lisp values (Integer|bool|nil|Lambda|Prim|Symbol|Array) live in one element type; the program knows by form/primitive which is a list or number	rewrite (tagged values) / none at level 1
corpus-v2/12-parsers/lisp_interp.sake	133:38	Arithmetic.-@	heterogeneous-container	no	Lisp values (Integer|bool|nil|Lambda|Prim|Symbol|Array) live in one element type; the program knows by form/primitive which is a list or number	rewrite (tagged values) / none at level 1
corpus-v2/12-parsers/lisp_interp.sake	134:14	Arithmetic./	heterogeneous-container	no	Lisp values (Integer|bool|nil|Lambda|Prim|Symbol|Array) live in one element type; the program knows by form/primitive which is a list or number	rewrite (tagged values) / none at level 1
corpus-v2/12-parsers/lisp_interp.sake	135:14	Comparable.<	heterogeneous-container	no	Lisp values (Integer|bool|nil|Lambda|Prim|Symbol|Array) live in one element type; the program knows by form/primitive which is a list or number	rewrite (tagged values) / none at level 1
corpus-v2/12-parsers/lisp_interp.sake	135:14	Comparable.<	heterogeneous-container	no	Lisp values (Integer|bool|nil|Lambda|Prim|Symbol|Array) live in one element type; the program knows by form/primitive which is a list or number	rewrite (tagged values) / none at level 1
corpus-v2/12-parsers/lisp_interp.sake	139:49	Array.empty?	heterogeneous-container	no	Lisp values (Integer|bool|nil|Lambda|Prim|Symbol|Array) live in one element type; the program knows by form/primitive which is a list or number	rewrite (tagged values) / none at level 1
corpus-v2/12-parsers/lisp_interp.sake	141:16	Array.drop	heterogeneous-container	no	Lisp values (Integer|bool|nil|Lambda|Prim|Symbol|Array) live in one element type; the program knows by form/primitive which is a list or number	rewrite (tagged values) / none at level 1
corpus-v2/12-parsers/lisp_interp.sake	142:17	Array.unshift	heterogeneous-container	no	Lisp values (Integer|bool|nil|Lambda|Prim|Symbol|Array) live in one element type; the program knows by form/primitive which is a list or number	rewrite (tagged values) / none at level 1
corpus-v2/12-parsers/lisp_interp.sake	142:31	Array.dup	heterogeneous-container	no	Lisp values (Integer|bool|nil|Lambda|Prim|Symbol|Array) live in one element type; the program knows by form/primitive which is a list or number	rewrite (tagged values) / none at level 1
corpus-v2/12-parsers/lisp_interp.sake	144:20	Array.empty?	heterogeneous-container	no	Lisp values (Integer|bool|nil|Lambda|Prim|Symbol|Array) live in one element type; the program knows by form/primitive which is a list or number	rewrite (tagged values) / none at level 1
corpus-v2/12-parsers/lisp_interp.sake	66:3	case/in	heterogeneous-container	no	Lisp expression lists and value lists share Array element types (Array.drop sites l.141 etc.), so x can be nil/Lambda/Prim (also typer-bug: `true | false` inside an `in` alternation never removes Boolean)	rewrite (separate Expr/Value types)
corpus-v2/12-parsers/lisp_interp.sake	90:7	Array.each	heterogeneous-container	no	Lisp values (Integer|bool|nil|Lambda|Prim|Symbol|Array) live in one element type; the program knows by form/primitive which is a list or number	rewrite (tagged values) / none at level 1
corpus-v2/12-parsers/lisp_interp.sake	95:16	Indexable.[]	heterogeneous-container	no	Lisp values (Integer|bool|nil|Lambda|Prim|Symbol|Array) live in one element type; the program knows by form/primitive which is a list or number	rewrite (tagged values) / none at level 1
corpus-v2/12-parsers/lisp_interp.sake	96:26	Array.drop	heterogeneous-container	no	Lisp values (Integer|bool|nil|Lambda|Prim|Symbol|Array) live in one element type; the program knows by form/primitive which is a list or number	rewrite (tagged values) / none at level 1
corpus-v2/12-parsers/markdown.sake	63:20	Block.get_lines	typer-bug	yes	fence (init nil, l.55) is an outer local written inside a block; the nil test does not narrow it there (restrict() requires env.owns?), so on the first block pass it is exactly nil (`if fence`, l.58)	narrow block-captured outer locals (restrict() skips non-owned slots) and don't report checks from the pre-fixpoint block pass
corpus-v2/12-parsers/markdown.sake	94:26	Block.get_kind	typer-bug	yes	current (init nil, l.54) is an outer local written inside a block; the nil test does not narrow it there (restrict() requires env.owns?), so on the first block pass it is exactly nil (`current != nil &&`, l.94/96)	narrow block-captured outer locals (restrict() skips non-owned slots) and don't report checks from the pre-fixpoint block pass
corpus-v2/12-parsers/markdown.sake	95:18	Block.get_lines	typer-bug	yes	current (init nil, l.54) is an outer local written inside a block; the nil test does not narrow it there (restrict() requires env.owns?), so on the first block pass it is exactly nil (`current != nil &&`, l.94/96)	narrow block-captured outer locals (restrict() skips non-owned slots) and don't report checks from the pre-fixpoint block pass
corpus-v2/12-parsers/markdown.sake	96:29	Block.get_kind	typer-bug	yes	current (init nil, l.54) is an outer local written inside a block; the nil test does not narrow it there (restrict() requires env.owns?), so on the first block pass it is exactly nil (`current != nil &&`, l.94/96)	narrow block-captured outer locals (restrict() skips non-owned slots) and don't report checks from the pre-fixpoint block pass
corpus-v2/12-parsers/markdown.sake	97:7	Block.get_lines	typer-bug	yes	current (init nil, l.54) is an outer local written inside a block; the nil test does not narrow it there (restrict() requires env.owns?), so on the first block pass it is exactly nil (`current != nil &&`, l.94/96)	narrow block-captured outer locals (restrict() skips non-owned slots) and don't report checks from the pre-fixpoint block pass
corpus-v2/12-parsers/pratt_parser.sake	195:5	case/in	shared-site-merge	no	op = Node.get_value(n) (l.176): the value field holds Integer/bool for :num/:bool nodes and String for :var/:bin (and nil); only the :bin kind reaches l.195	per-kind field types (tagged struct), or rewrite
corpus-v2/12-parsers/pratt_parser.sake	212:3	case/in	shared-site-merge	no	show(v) gets evaluate results, which include Node.get_value (l.156) typed String|nil from other node kinds (also typer-bug: `true | false` inside an `in` alternation never removes Boolean)	per-kind field types, or rewrite
corpus-v2/12-parsers/query_engine.sake	111:17	Comparable.<	path-correlation	no	a (row value, l.105) and b (Cmp value) are Integer|String|nil; the guard `(a in Integer) == (b in Integer)` (l.107) relates the two variables	relational narrowing (unlikely); rewrite
corpus-v2/12-parsers/query_engine.sake	112:17	Comparable.>	path-correlation	no	a (row value, l.105) and b (Cmp value) are Integer|String|nil; the guard `(a in Integer) == (b in Integer)` (l.107) relates the two variables	relational narrowing (unlikely); rewrite
corpus-v2/12-parsers/query_engine.sake	113:18	Comparable.<=	path-correlation	no	a (row value, l.105) and b (Cmp value) are Integer|String|nil; the guard `(a in Integer) == (b in Integer)` (l.107) relates the two variables	relational narrowing (unlikely); rewrite
corpus-v2/12-parsers/query_engine.sake	114:18	Comparable.>=	path-correlation	no	a (row value, l.105) and b (Cmp value) are Integer|String|nil; the guard `(a in Integer) == (b in Integer)` (l.107) relates the two variables	relational narrowing (unlikely); rewrite
corpus-v2/12-parsers/query_engine.sake	132:17	Array.sum	path-correlation	no	values elements are row values Integer|String|nil; `raise unless Array.all?(values) { |v| v in Integer }` (l.130) is not used to narrow the element type	narrow by Array.all? { in T } guard
corpus-v2/12-parsers/query_engine.sake	134:56	Array.sum	path-correlation	no	values elements are row values Integer|String|nil; `raise unless Array.all?(values) { |v| v in Integer }` (l.130) is not used to narrow the element type	narrow by Array.all? { in T } guard
corpus-v2/12-parsers/query_engine.sake	166:27	Array.take	shared-site-merge	no	limit is set from literal(...) (l.88), which returns Integer|String for all literals (also WHERE values); LIMIT is always numeric in the inputs	rewrite (parse LIMIT as Integer)
corpus-v2/12-parsers/regex_matcher.sake	7:5	case/in	path-correlation	no	single? is called only after match_here returned for :bol/:eol (l.96-99), so @kind is never :bol/:eol there	rewrite (else branch) / none
corpus-v2/12-parsers/stack_vm.sake	57:11	Indexable.[]	shared-site-merge	no	Instr.a/b (l.1, l.28-29) hold String labels before resolution (l.32-38) and nil for argless ops; at run time a is an Integer for push/jmp/call, and pushes of a merge into the stack	rewrite (resolved Instr type) / per-op field correlation
corpus-v2/12-parsers/stack_vm.sake	65:15	Arithmetic.+	shared-site-merge	no	Instr.a/b (l.1, l.28-29) hold String labels before resolution (l.32-38) and nil for argless ops; at run time a is an Integer for push/jmp/call, and pushes of a merge into the stack	rewrite (resolved Instr type) / per-op field correlation
corpus-v2/12-parsers/stack_vm.sake	68:37	Indexable.[]	shared-site-merge	no	Instr.a/b (l.1, l.28-29) hold String labels before resolution (l.32-38) and nil for argless ops; at run time a is an Integer for push/jmp/call, and pushes of a merge into the stack	rewrite (resolved Instr type) / per-op field correlation
corpus-v2/12-parsers/stack_vm.sake	74:24	Arithmetic.+	shared-site-merge	no	Instr.a/b (l.1, l.28-29) hold String labels before resolution (l.32-38) and nil for argless ops; at run time a is an Integer for push/jmp/call, and pushes of a merge into the stack	rewrite (resolved Instr type) / per-op field correlation
corpus-v2/12-parsers/stack_vm.sake	75:24	Arithmetic.-	shared-site-merge	no	Instr.a/b (l.1, l.28-29) hold String labels before resolution (l.32-38) and nil for argless ops; at run time a is an Integer for push/jmp/call, and pushes of a merge into the stack	rewrite (resolved Instr type) / per-op field correlation
corpus-v2/12-parsers/stack_vm.sake	76:24	Arithmetic.*	shared-site-merge	no	Instr.a/b (l.1, l.28-29) hold String labels before resolution (l.32-38) and nil for argless ops; at run time a is an Integer for push/jmp/call, and pushes of a merge into the stack	rewrite (resolved Instr type) / per-op field correlation
corpus-v2/12-parsers/stack_vm.sake	77:24	Arithmetic./	shared-site-merge	no	Instr.a/b (l.1, l.28-29) hold String labels before resolution (l.32-38) and nil for argless ops; at run time a is an Integer for push/jmp/call, and pushes of a merge into the stack	rewrite (resolved Instr type) / per-op field correlation
corpus-v2/12-parsers/stack_vm.sake	78:24	Arithmetic.%	shared-site-merge	no	Instr.a/b (l.1, l.28-29) hold String labels before resolution (l.32-38) and nil for argless ops; at run time a is an Integer for push/jmp/call, and pushes of a merge into the stack	rewrite (resolved Instr type) / per-op field correlation
corpus-v2/12-parsers/stack_vm.sake	79:23	Comparable.<	shared-site-merge	no	Instr.a/b (l.1, l.28-29) hold String labels before resolution (l.32-38) and nil for argless ops; at run time a is an Integer for push/jmp/call, and pushes of a merge into the stack	rewrite (resolved Instr type) / per-op field correlation
corpus-v2/12-parsers/stack_vm.sake	90:7	Integer.times	shared-site-merge	no	Instr.a/b (l.1, l.28-29) hold String labels before resolution (l.32-38) and nil for argless ops; at run time a is an Integer for push/jmp/call, and pushes of a merge into the stack	rewrite (resolved Instr type) / per-op field correlation
corpus-v2/12-parsers/stack_vm.sake	91:36	Arithmetic.+	shared-site-merge	no	Instr.a/b (l.1, l.28-29) hold String labels before resolution (l.32-38) and nil for argless ops; at run time a is an Integer for push/jmp/call, and pushes of a merge into the stack	rewrite (resolved Instr type) / per-op field correlation
corpus-v2/12-parsers/stack_vm.sake	97:36	Integer.to_s	shared-site-merge	no	Instr.a/b (l.1, l.28-29) hold String labels before resolution (l.32-38) and nil for argless ops; at run time a is an Integer for push/jmp/call, and pushes of a merge into the stack	rewrite (resolved Instr type) / per-op field correlation
corpus-v2/12-parsers/symbolic_diff.sake	216:13	Float.round	numeric-mix	no	evaluate returns Num.value Integer constants (l.184) | Float env values | nil (env[name] miss, l.185); derivatives here always depend on x so the result is Float	none at level 1 (rewrite constants as Float)
corpus-v2/12-parsers/template_engine.sake	56:67	Indexable.[]	typer-bug	no	v (l.55) is an outer local reassigned in the each block; the ternary `(v in Hash) ? v[part] : nil` does not narrow a non-owned slot	narrow block-captured outer locals (restrict() skips non-owned slots) and don't report checks from the pre-fixpoint block pass
corpus-v2/12-parsers/template_engine.sake	56:67	Indexable.[]	typer-bug	no	v (l.55) is an outer local reassigned in the each block; the ternary `(v in Hash) ? v[part] : nil` does not narrow a non-owned slot	narrow block-captured outer locals (restrict() skips non-owned slots) and don't report checks from the pre-fixpoint block pass
corpus-v2/12-parsers/template_engine.sake	75:5	case/in	path-correlation	no	only the root Tag (l.5) has kind :root, and render iterates children, which never are root	rewrite (else branch) / none
corpus-v2/13-polymorphism/duration_timesheet.sake	38:29	Duration.get_secs	typer-bug	no	struct_hooks (typer.rb:587) analyzes Duration#<=> (Entry holds Clock and Duration) with the other operand = union of every Struct reachable from a built-in's argument (containing/contained types), not just the same type	struct_hooks: call each type's <=>/== with its own type as the other operand, not the union of all reachable structs
corpus-v2/13-polymorphism/duration_timesheet.sake	77:29	Clock.get_mins	typer-bug	no	struct_hooks (typer.rb:587) analyzes Clock#<=> (Entry holds Clock and Duration) with the other operand = union of every Struct reachable from a built-in's argument (containing/contained types), not just the same type	struct_hooks: call each type's <=>/== with its own type as the other operand, not the union of all reachable structs
corpus-v2/13-polymorphism/matrix_ops.sake	103:44	Kernel.Rational	shared-site-merge	no	Matrix.rows (and build's row site, l.9-15) is shared by Integer, Rational and Float matrices (Matrix * 0.5, l.152); nil from @rows[r][c] read	per-instance field types / parametric struct
corpus-v2/13-polymorphism/matrix_ops.sake	76:59	Kernel.Rational	shared-site-merge	no	Matrix.rows (and build's row site, l.9-15) is shared by Integer, Rational and Float matrices (Matrix * 0.5, l.152); nil from @rows[r][c] read	per-instance field types / parametric struct
corpus-v2/13-polymorphism/money_ledger.sake	105:56	UnknownRate.get_from	typer-bug	no	`rescue UnknownRate => e` inside a block binds the top-level e of l.93 (CurrencyMismatch|nil); the rescue write to the captured slot is joined with the old type instead of a strong update	strong update for rescue binding (and assignment) of captured locals
corpus-v2/13-polymorphism/money_ledger.sake	28:16	Money.get_cents	typer-bug	no	struct_hooks (typer.rb:587) analyzes Money#<=> (Txn holds a Money) with the other operand = union of every Struct reachable from a built-in's argument (containing/contained types), not just the same type	struct_hooks: call each type's <=>/== with its own type as the other operand, not the union of all reachable structs
corpus-v2/13-polymorphism/money_ledger.sake	9:21	Money.get_currency	typer-bug	no	struct_hooks (typer.rb:587) analyzes Money#<=>/check_same (Txn holds a Money) with the other operand = union of every Struct reachable from a built-in's argument (containing/contained types), not just the same type	struct_hooks: call each type's <=>/== with its own type as the other operand, not the union of all reachable structs
corpus-v2/13-polymorphism/task_heap.sake	104:21	Task.get_id	shared-site-merge	no	Heap.pop(queue) returns merged items Integer|String|Task (site l.3 shared by three heaps)	per-call-site allocation in Heap.empty
corpus-v2/13-polymorphism/task_heap.sake	13:20	Comparable.<	shared-site-merge	no	Heap.empty's Array[] (l.3) is one site for the Integer, String and Task heaps, so items are Integer|String|Task|nil	per-call-site (context-sensitive) allocation in Heap.empty
corpus-v2/13-polymorphism/task_heap.sake	32:34	Comparable.<	shared-site-merge	no	Heap.empty's Array[] (l.3) is one site for the Integer, String and Task heaps, so items are Integer|String|Task|nil	per-call-site (context-sensitive) allocation in Heap.empty
corpus-v2/13-polymorphism/task_heap.sake	33:34	Comparable.<	shared-site-merge	no	Heap.empty's Array[] (l.3) is one site for the Integer, String and Task heaps, so items are Integer|String|Task|nil	per-call-site (context-sensitive) allocation in Heap.empty
corpus-v2/13-polymorphism/task_heap.sake	57:52	Task.get_priority	shared-site-merge	no	Task#<=> gets b = Integer|String (merged heap items, l.3) plus Heap|nil (struct_hooks union and item reads)	per-call-site allocation; struct_hooks per-type
corpus-v2/13-polymorphism/temperature_units.sake	10:26	Delta.get_k	typer-bug	no	struct_hooks (typer.rb:587) analyzes Delta#<=> (Temp reachable together with Delta) with the other operand = union of every Struct reachable from a built-in's argument (containing/contained types), not just the same type	struct_hooks: call each type's <=>/== with its own type as the other operand, not the union of all reachable structs
corpus-v2/13-polymorphism/temperature_units.sake	31:10	Temp.get_unit	typer-bug	no	struct_hooks (typer.rb:587) analyzes Temp#<=> (l.57 calls Temp.kelvin(b) with b = Temp|Reading|Delta; Reading holds Temp) with the other operand = union of every Struct reachable from a built-in's argument (containing/contained types), not just the same type	struct_hooks: call each type's <=>/== with its own type as the other operand, not the union of all reachable structs
corpus-v2/13-polymorphism/temperature_units.sake	32:16	Temp.get_value	typer-bug	no	struct_hooks (typer.rb:587) analyzes Temp#<=> (l.57 calls Temp.kelvin(b) with b = Temp|Reading|Delta; Reading holds Temp) with the other operand = union of every Struct reachable from a built-in's argument (containing/contained types), not just the same type	struct_hooks: call each type's <=>/== with its own type as the other operand, not the union of all reachable structs
corpus-v2/13-polymorphism/temperature_units.sake	33:16	Temp.get_value	typer-bug	no	struct_hooks (typer.rb:587) analyzes Temp#<=> (l.57 calls Temp.kelvin(b) with b = Temp|Reading|Delta; Reading holds Temp) with the other operand = union of every Struct reachable from a built-in's argument (containing/contained types), not just the same type	struct_hooks: call each type's <=>/== with its own type as the other operand, not the union of all reachable structs
corpus-v2/13-polymorphism/temperature_units.sake	34:17	Temp.get_value	typer-bug	no	struct_hooks (typer.rb:587) analyzes Temp#<=> (l.57 calls Temp.kelvin(b) with b = Temp|Reading|Delta; Reading holds Temp) with the other operand = union of every Struct reachable from a built-in's argument (containing/contained types), not just the same type	struct_hooks: call each type's <=>/== with its own type as the other operand, not the union of all reachable structs
corpus-v2/13-polymorphism/temperature_units.sake	57:19	Float.round	numeric-mix	no	mean_k = Array.sum(...)/size (l.99) is Integer|Float (empty sum is 0) and is stored in Temp.value via Temp.new (l.100), so kelvin can return Integer	type an empty sum by its elements
corpus-v2/13-polymorphism/temperature_units.sake	57:49	Float.round	numeric-mix	no	mean_k = Array.sum(...)/size (l.99) is Integer|Float (empty sum is 0) and is stored in Temp.value via Temp.new (l.100), so kelvin can return Integer	type an empty sum by its elements
corpus-v2/13-polymorphism/version_constraints.sake	39:39	Version.get_major	typer-bug	no	struct_hooks (typer.rb:587) analyzes Version#<=> (Requirement holds a Version) with the other operand = union of every Struct reachable from a built-in's argument (containing/contained types), not just the same type	struct_hooks: call each type's <=>/== with its own type as the other operand, not the union of all reachable structs
corpus-v2/14-errors/matrix_checks.sake	73:1	rescue DimensionError	typer-bug	no	the never-raises rescue check is judged per block instantiation of attempt (l.70); attempt("b") { b } (l.93) raises nothing, though other blocks raise DimensionError/SingularMatrix	judge rescue reachability over the union of all instantiations
corpus-v2/14-errors/matrix_checks.sake	75:1	rescue SingularMatrix	typer-bug	no	the never-raises rescue check is judged per block instantiation of attempt (l.70); attempt("b") { b } (l.93) raises nothing, though other blocks raise DimensionError/SingularMatrix	judge rescue reachability over the union of all instantiations
corpus-v2/14-errors/order_lifecycle.sake	28:66	String.empty?	path-correlation	no	arg column of event tuples (l.54-58) is Integer|String; `case event in :ship/:return` (l.27-30) selects rows whose arg is String/Integer	correlate tuple columns with a tag column, or rewrite
corpus-v2/14-errors/order_lifecycle.sake	30:82	Comparable.>	path-correlation	no	arg column of event tuples (l.54-58) is Integer|String; `case event in :ship/:return` (l.27-30) selects rows whose arg is String/Integer	correlate tuple columns with a tag column, or rewrite
corpus-v2/14-errors/order_lifecycle.sake	67:3	Arithmetic.+	path-correlation	no	@paid = arg (l.26) only under `in :pay` where arg is Integer, but arg is typed Integer|String, so Order.paid becomes Integer|String	correlate tuple columns with a tag column, or rewrite
corpus-v2/14-errors/param_coercion.sake	75:83	Comparable.>	heterogeneous-container	no	values hash (l.54) holds coerce results String|Integer|Rational|bool|Symbol|Array; keys min_price/max_price are always Rational (:decimal)	per-key hash types / rewrite
corpus-v2/14-errors/spreadsheet_errors.sake	100:5	String.ljust	numeric-mix	no	cell values include Integer from Array.sum of maybe-empty values (l.61,66) and nil from Array.max/min (l.62-63); ranges are never empty	type an empty sum by its elements; Array.max on non-empty
corpus-v2/14-errors/spreadsheet_errors.sake	42:3	case/in	numeric-mix	no	cell values include Integer from Array.sum of maybe-empty values (l.61,66) and nil from Array.max/min (l.62-63); ranges are never empty	type an empty sum by its elements; Array.max on non-empty
corpus-v2/14-errors/unit_quantities.sake	71:58	Float.round	numeric-mix	no	total_m = Array.sum (l.70) of a possibly-empty select is Integer|Float	type an empty sum by its elements
