corpus/01-text/ascii_table.sake	ok
corpus/01-text/bwt_rle.sake	ok
corpus/01-text/case_convert.sake	ok
corpus/01-text/classic_ciphers.sake	ok
corpus/01-text/columnize.sake	ok
corpus/01-text/csv_report.sake	ok
corpus/01-text/date_format.sake	ok
corpus/01-text/doc_pretty.sake	ok
corpus/01-text/human_format.sake	ok
corpus/01-text/inflector.sake	ok
corpus/01-text/ini_config.sake	ok
corpus/01-text/json_pretty.sake	ok
corpus/01-text/justify_text.sake	ok
corpus/01-text/line_diff.sake	ok
corpus/01-text/markdown_html.sake	ok
corpus/01-text/markdown_table.sake	ok
corpus/01-text/number_words.sake	ok
corpus/01-text/outline_number.sake	ok
corpus/01-text/slugify.sake	ok
corpus/01-text/spell_suggest.sake	ok
corpus/01-text/template_render.sake	ok
corpus/01-text/text_box.sake	ok
corpus/01-text/text_stats.sake	ok
corpus/01-text/whitespace_tidy.sake	ok
corpus/01-text/word_wrap.sake	ok
corpus/02-analytics/access_log_urls.sake	ok
corpus/02-analytics/anagram_groups.sake	ok
corpus/02-analytics/autocomplete.sake	ok
corpus/02-analytics/caesar_crack.sake	ok
corpus/02-analytics/cooccurrence_pmi.sake	ok
corpus/02-analytics/csv_pivot.sake	ok
corpus/02-analytics/email_domains.sake	ok
corpus/02-analytics/hashtag_trends.sake	ok
corpus/02-analytics/inverted_index.sake	ok
corpus/02-analytics/kwic_concordance.sake	ok
corpus/02-analytics/language_guess.sake	ok
corpus/02-analytics/log_summary.sake	ok
corpus/02-analytics/markov_text.sake	ok
corpus/02-analytics/naive_bayes.sake	ok
corpus/02-analytics/near_duplicates.sake	ok
corpus/02-analytics/ngram_counts.sake	ok
corpus/02-analytics/rake_keywords.sake	ok
corpus/02-analytics/readability.sake	ok
corpus/02-analytics/rhyme_scheme.sake	ok
corpus/02-analytics/sentiment_lexicon.sake	ok
corpus/02-analytics/soundex_index.sake	ok
corpus/02-analytics/spell_suggest.sake	ok
corpus/02-analytics/tf_idf.sake	ok
corpus/02-analytics/vocabulary_growth.sake	ok
corpus/02-analytics/word_frequency.sake	ok
corpus/03-numtheory/base_conversion.sake	ok
corpus/03-numtheory/calendar_congruences.sake	ok
corpus/03-numtheory/check_digits.sake	ok
corpus/03-numtheory/collatz_stats.sake	ok
corpus/03-numtheory/continued_fractions.sake	ok
corpus/03-numtheory/digit_curiosities.sake	ok
corpus/03-numtheory/egyptian_fractions.sake	ok
corpus/03-numtheory/factor_functions.sake	ok
corpus/03-numtheory/farey_stern_brocot.sake	ok
corpus/03-numtheory/fibonacci_numbers.sake	ok
corpus/03-numtheory/goldbach.sake	ok
corpus/03-numtheory/happy_cycles.sake	ok
corpus/03-numtheory/integer_partitions.sake	ok
corpus/03-numtheory/linear_diophantine.sake	ok
corpus/03-numtheory/linear_sieve.sake	ok
corpus/03-numtheory/miller_rabin.sake	ok
corpus/03-numtheory/modular_crt.sake	ok
corpus/03-numtheory/perfect_amicable.sake	ok
corpus/03-numtheory/pollard_rho.sake	ok
corpus/03-numtheory/primitive_roots.sake	ok
corpus/03-numtheory/pythagorean_triples.sake	ok
corpus/03-numtheory/quadratic_residues.sake	ok
corpus/03-numtheory/repeating_decimals.sake	ok
corpus/03-numtheory/rsa_toy.sake	ok
corpus/03-numtheory/sieve_primes.sake	ok
corpus/04-numeric/bezier_curves.sake	ok
corpus/04-numeric/correlation_matrix.sake	ok
corpus/04-numeric/cubic_spline.sake	ok
corpus/04-numeric/curve_fitting.sake	ok
corpus/04-numeric/descriptive_stats.sake	ok
corpus/04-numeric/eigenvalues.sake	exit1,ruby-differs,out-differs
corpus/04-numeric/float_accuracy.sake	ok
corpus/04-numeric/fourier_spectrum.sake	ok
corpus/04-numeric/gaussian_elimination.sake	ok
corpus/04-numeric/histogram_fit.sake	ok
corpus/04-numeric/interval_arithmetic.sake	ok
corpus/04-numeric/linear_regression.sake	ok
corpus/04-numeric/loan_amortization.sake	ok
corpus/04-numeric/lu_decomposition.sake	ok
corpus/04-numeric/matrix_ops.sake	ok
corpus/04-numeric/monte_carlo.sake	ok
corpus/04-numeric/numeric_integration.sake	ok
corpus/04-numeric/numerical_derivatives.sake	ok
corpus/04-numeric/ode_solver.sake	ok
corpus/04-numeric/optimization.sake	ok
corpus/04-numeric/polynomial.sake	ok
corpus/04-numeric/root_finding.sake	ok
corpus/04-numeric/special_functions.sake	ok
corpus/04-numeric/time_series.sake	ok
corpus/04-numeric/vector_geometry.sake	ok
corpus/05-sorting/autocomplete_msd.sake	ok
corpus/05-sorting/bisect_on_answer.sake	ok
corpus/05-sorting/bucket_sort_ratings.sake	ok
corpus/05-sorting/external_sort_sim.sake	ok
corpus/05-sorting/gift_two_pointers.sake	ok
corpus/05-sorting/gradebook_insertion.sake	ok
corpus/05-sorting/hashtag_trends.sake	ok
corpus/05-sorting/heap_scheduler.sake	ok
corpus/05-sorting/kway_log_merge.sake	ok
corpus/05-sorting/leaderboard_insert.sake	ok
corpus/05-sorting/library_catalog.sake	ok
corpus/05-sorting/log_time_bisect.sake	ok
corpus/05-sorting/meeting_intervals.sake	ok
corpus/05-sorting/merge_sort_inversions.sake	ok
corpus/05-sorting/natural_runs_sort.sake	ok
corpus/05-sorting/probe_count_search.sake	ok
corpus/05-sorting/quicksort_median3.sake	ok
corpus/05-sorting/radix_order_ids.sake	ok
corpus/05-sorting/sensor_quickselect.sake	ok
corpus/05-sorting/shell_sort_gaps.sake	ok
corpus/05-sorting/sorted_matrix_search.sake	ok
corpus/05-sorting/staff_multikey_sort.sake	ok
corpus/05-sorting/trail_peak_search.sake	ok
corpus/05-sorting/triage_partition.sake	ok
corpus/05-sorting/version_resolver.sake	ok
corpus/06-linked/adjacency_list_courses.sake	ok
corpus/06-linked/bank_teller_sim.sake	ok
corpus/06-linked/browser_history.sake	ok
corpus/06-linked/chained_hash_table.sake	ok
corpus/06-linked/circular_playlist.sake	ok
corpus/06-linked/cycle_detection.sake	ok
corpus/06-linked/deque_sliding_window.sake	ok
corpus/06-linked/digit_list_bignum.sake	ok
corpus/06-linked/free_list_pool.sake	ok
corpus/06-linked/josephus_circle.sake	ok
corpus/06-linked/lfu_cache_buckets.sake	ok
corpus/06-linked/list_toolkit.sake	ok
corpus/06-linked/lru_cache.sake	ok
corpus/06-linked/markup_tag_checker.sake	ok
corpus/06-linked/merge_log_streams.sake	ok
corpus/06-linked/monotonic_stack_prices.sake	ok
corpus/06-linked/ring_buffer_metrics.sake	ok
corpus/06-linked/rpn_stack_calculator.sake	ok
corpus/06-linked/singly_linked_list.sake	ok
corpus/06-linked/skip_list_index.sake	ok
corpus/06-linked/sparse_matrix_rows.sake	ok
corpus/06-linked/sparse_polynomial.sake	ok
corpus/06-linked/triage_priority_list.sake	ok
corpus/06-linked/two_stack_print_queue.sake	ok
corpus/06-linked/undo_redo_editor.sake	ok
corpus/07-trees/avl_tree.sake	ok
corpus/07-trees/bill_of_materials.sake	ok
corpus/07-trees/bst_basic.sake	ok
corpus/07-trees/btree.sake	ok
corpus/07-trees/decision_tree.sake	ok
corpus/07-trees/dom_tree.sake	ok
corpus/07-trees/expression_tree.sake	ok
corpus/07-trees/fenwick_ranks.sake	ok
corpus/07-trees/filesystem_du.sake	ok
corpus/07-trees/heap_scheduler.sake	ok
corpus/07-trees/huffman.sake	ok
corpus/07-trees/interval_bookings.sake	ok
corpus/07-trees/ip_route_trie.sake	ok
corpus/07-trees/kd_tree.sake	ok
corpus/07-trees/lazy_seat_inventory.sake	ok
corpus/07-trees/merkle_sync.sake	ok
corpus/07-trees/org_chart.sake	ok
corpus/07-trees/quadtree.sake	ok
corpus/07-trees/rope_editor.sake	ok
corpus/07-trees/segment_tree_stats.sake	ok
corpus/07-trees/spanning_tree.sake	ok
corpus/07-trees/taxonomy_lca.sake	ok
corpus/07-trees/traversals.sake	ok
corpus/07-trees/tree_codec.sake	ok
corpus/07-trees/trie_autocomplete.sake	ok
corpus/08-graphs/astar_terrain.sake	ok
corpus/08-graphs/bellman_ford.sake	ok
corpus/08-graphs/centrality.sake	ok
corpus/08-graphs/course_schedule.sake	ok
corpus/08-graphs/critical_links.sake	ok
corpus/08-graphs/critical_path.sake	ok
corpus/08-graphs/currency_paths.sake	ok
corpus/08-graphs/dijkstra_routes.sake	ok
corpus/08-graphs/dot_stats.sake	ok
corpus/08-graphs/euler_itinerary.sake	ok
corpus/08-graphs/exam_slots.sake	ok
corpus/08-graphs/floyd_transit.sake	ok
corpus/08-graphs/friend_groups.sake	ok
corpus/08-graphs/intern_matching.sake	ok
corpus/08-graphs/kruskal_network.sake	ok
corpus/08-graphs/land_islands.sake	ok
corpus/08-graphs/make_rebuild.sake	ok
corpus/08-graphs/maze_bfs.sake	ok
corpus/08-graphs/metro_transfers.sake	ok
corpus/08-graphs/org_chart_lca.sake	ok
corpus/08-graphs/pipeline_flow.sake	ok
corpus/08-graphs/prim_cables.sake	ok
corpus/08-graphs/rival_teams.sake	ok
corpus/08-graphs/tarjan_scc.sake	ok
corpus/08-graphs/word_ladder.sake	ok
corpus/09-dp/coin_change.sake	exit1,ruby-differs,out-differs
corpus/09-dp/company_party.sake	ok
corpus/09-dp/critical_path.sake	ok
corpus/09-dp/decode_ways.sake	ok
corpus/09-dp/dice_odds.sake	ok
corpus/09-dp/digit_counting.sake	ok
corpus/09-dp/edit_distance.sake	ok
corpus/09-dp/egg_drop.sake	ok
corpus/09-dp/floyd_warshall.sake	ok
corpus/09-dp/grid_paths.sake	ok
corpus/09-dp/held_karp.sake	ok
corpus/09-dp/house_robber.sake	ok
corpus/09-dp/interval_scheduling.sake	ok
corpus/09-dp/knapsack_01.sake	ok
corpus/09-dp/lcs_diff.sake	ok
corpus/09-dp/line_breaking.sake	ok
corpus/09-dp/longest_increasing.sake	ok
corpus/09-dp/matrix_chain.sake	ok
corpus/09-dp/optimal_bst.sake	ok
corpus/09-dp/palindromes.sake	ok
corpus/09-dp/sequence_alignment.sake	ok
corpus/09-dp/stock_trading.sake	ok
corpus/09-dp/subset_partition.sake	ok
corpus/09-dp/viterbi.sake	ok
corpus/09-dp/word_break.sake	ok
corpus/10-grids/battleship.sake	ok
corpus/10-grids/chess_attacks.sake	ok
corpus/10-grids/connect_four.sake	ok
corpus/10-grids/crossword.sake	ok
corpus/10-grids/falling_sand.sake	ok
corpus/10-grids/flood_fill.sake	ok
corpus/10-grids/game_2048.sake	ok
corpus/10-grids/game_of_life.sake	ok
corpus/10-grids/hex_game.sake	ok
corpus/10-grids/knights_tour.sake	ok
corpus/10-grids/langtons_ant.sake	ok
corpus/10-grids/lights_out.sake	ok
corpus/10-grids/magic_square.sake	ok
corpus/10-grids/matrix_spiral.sake	ok
corpus/10-grids/maze_bfs.sake	ok
corpus/10-grids/minesweeper.sake	ok
corpus/10-grids/n_queens.sake	ok
corpus/10-grids/nonogram.sake	ok
corpus/10-grids/othello.sake	ok
corpus/10-grids/sliding_puzzle.sake	ok
corpus/10-grids/sokoban.sake	ok
corpus/10-grids/sudoku_solver.sake	ok
corpus/10-grids/terrain_dijkstra.sake	ok
corpus/10-grids/tic_tac_toe.sake	ok
corpus/10-grids/word_search.sake	exit1,ruby-differs,out-differs
corpus/11-simulation/bakery_shift.sake	ok
corpus/11-simulation/bank_ledger.sake	ok
corpus/11-simulation/car_rental.sake	ok
corpus/11-simulation/checkout_lanes.sake	ok
corpus/11-simulation/cpu_scheduler.sake	ok
corpus/11-simulation/ecosystem_patches.sake	ok
corpus/11-simulation/elevator_scan.sake	ok
corpus/11-simulation/epidemic_network.sake	ok
corpus/11-simulation/forest_fire.sake	ok
corpus/11-simulation/hotel_bookings.sake	ok
corpus/11-simulation/inventory_reorder.sake	ok
corpus/11-simulation/langton_ants.sake	ok
corpus/11-simulation/library_loans.sake	ok
corpus/11-simulation/life_torus.sake	ok
corpus/11-simulation/order_book.sake	ok
corpus/11-simulation/packet_network.sake	ok
corpus/11-simulation/parking_garage.sake	ok
corpus/11-simulation/ring_road_traffic.sake	ok
corpus/11-simulation/runway_ops.sake	ok
corpus/11-simulation/sandpile.sake	ok
corpus/11-simulation/teller_queue_des.sake	ok
corpus/11-simulation/thermostat_house.sake	ok
corpus/11-simulation/traffic_intersection.sake	ok
corpus/11-simulation/vending_machine.sake	ok
corpus/11-simulation/water_tanks.sake	ok
corpus/12-parsers/assembler.sake	ok
corpus/12-parsers/brainfuck.sake	ok
corpus/12-parsers/calc_rd.sake	ok
corpus/12-parsers/chem_formula.sake	ok
corpus/12-parsers/cmdline_parser.sake	ok
corpus/12-parsers/csv_parser.sake	ok
corpus/12-parsers/forth.sake	ok
corpus/12-parsers/indent_lexer.sake	ok
corpus/12-parsers/ini_parser.sake	ok
corpus/12-parsers/json_parser.sake	ok
corpus/12-parsers/lisp_interp.sake	ok
corpus/12-parsers/markdown.sake	ok
corpus/12-parsers/pratt_parser.sake	ok
corpus/12-parsers/query_engine.sake	ok
corpus/12-parsers/regex_matcher.sake	ok
corpus/12-parsers/rpn_calc.sake	ok
corpus/12-parsers/shunting_yard.sake	ok
corpus/12-parsers/stack_vm.sake	ok
corpus/12-parsers/symbolic_diff.sake	ok
corpus/12-parsers/template_engine.sake	ok
corpus/12-parsers/tiny_basic.sake	ok
corpus/12-parsers/tokenizer.sake	ok
corpus/12-parsers/truth_table.sake	ok
corpus/12-parsers/turing_machine.sake	ok
corpus/12-parsers/type_checker.sake	ok
corpus/13-polymorphism/bitset_permissions.sake	ok
corpus/13-polymorphism/calendar_dates.sake	ok
corpus/13-polymorphism/collision_check.sake	ok
corpus/13-polymorphism/color_palette.sake	ok
corpus/13-polymorphism/doc_render.sake	ok
corpus/13-polymorphism/duration_timesheet.sake	ok
corpus/13-polymorphism/expr_tree.sake	ok
corpus/13-polymorphism/fraction_math.sake	ok
corpus/13-polymorphism/interval_arith.sake	ok
corpus/13-polymorphism/life_grid.sake	ok
corpus/13-polymorphism/matrix_ops.sake	ok
corpus/13-polymorphism/modint_combinatorics.sake	ok
corpus/13-polymorphism/money_ledger.sake	ok
corpus/13-polymorphism/notify_channels.sake	ok
corpus/13-polymorphism/payroll.sake	ok
corpus/13-polymorphism/physical_quantities.sake	ok
corpus/13-polymorphism/polynomial.sake	ok
corpus/13-polymorphism/quaternion_rotation.sake	ok
corpus/13-polymorphism/shapes_area.sake	ok
corpus/13-polymorphism/sparse_vector.sake	ok
corpus/13-polymorphism/stack_vm.sake	ok
corpus/13-polymorphism/task_heap.sake	ok
corpus/13-polymorphism/temperature_units.sake	ok
corpus/13-polymorphism/vector_polygon.sake	ok
corpus/13-polymorphism/version_constraints.sake	ok
corpus/14-errors/bank_transfers.sake	ok
corpus/14-errors/card_validation.sake	ok
corpus/14-errors/circuit_breaker.sake	ok
corpus/14-errors/config_loader.sake	ok
corpus/14-errors/contracts.sake	ok
corpus/14-errors/csv_import.sake	ok
corpus/14-errors/dependency_resolver.sake	ok
corpus/14-errors/error_wrapping.sake	ok
corpus/14-errors/expr_calculator.sake	ok
corpus/14-errors/http_error_mapping.sake	ok
corpus/14-errors/job_queue.sake	ok
corpus/14-errors/ledger_reconcile.sake	ok
corpus/14-errors/log_triage.sake	ok
corpus/14-errors/matrix_checks.sake	exit1,ruby-differs,out-differs
corpus/14-errors/nested_schema.sake	ok
corpus/14-errors/order_lifecycle.sake	ok
corpus/14-errors/param_coercion.sake	ok
corpus/14-errors/password_policy.sake	ok
corpus/14-errors/quote_fallback.sake	ok
corpus/14-errors/registration_form.sake	ok
corpus/14-errors/result_pipeline.sake	ok
corpus/14-errors/retry_backoff.sake	ok
corpus/14-errors/spreadsheet_errors.sake	ok
corpus/14-errors/unit_quantities.sake	ok
corpus/14-errors/warehouse_reservation.sake	ok
corpus/15-data/access_log_report.sake	ok
corpus/15-data/bank_reconcile.sake	ok
corpus/15-data/budget_variance.sake	ok
corpus/15-data/clickstream_sessions.sake	ok
corpus/15-data/cohort_retention.sake	ok
corpus/15-data/csv_import_validation.sake	ok
corpus/15-data/customer_dedupe.sake	ok
corpus/15-data/employee_dept_join.sake	ok
corpus/15-data/etl_star_schema.sake	ok
corpus/15-data/expense_pivot.sake	ok
corpus/15-data/fulfillment_report.sake	ok
corpus/15-data/fx_conversion.sake	ok
corpus/15-data/grade_book.sake	ok
corpus/15-data/groupby_query.sake	ok
corpus/15-data/inventory_diff.sake	ok
corpus/15-data/invoice_totals.sake	ok
corpus/15-data/league_standings.sake	ok
corpus/15-data/metric_anomalies.sake	ok
corpus/15-data/quality_rules.sake	ok
corpus/15-data/sales_by_region.sake	ok
corpus/15-data/size_histogram.sake	ok
corpus/15-data/survey_crosstab.sake	ok
corpus/15-data/table_renderer.sake	ok
corpus/15-data/timesheet_payroll.sake	ok
corpus/15-data/top_products.sake	ok
corpus/16-dates/activity_heatmap.sake	ok
corpus/16-dates/age_calculator.sake	ok
corpus/16-dates/billing_cycles.sake	ok
corpus/16-dates/business_days.sake	ok
corpus/16-dates/calendar_systems.sake	ok
corpus/16-dates/cron_schedule.sake	ok
corpus/16-dates/date_arith.sake	ok
corpus/16-dates/date_parser.sake	ok
corpus/16-dates/day_of_week.sake	ok
corpus/16-dates/durations.sake	ok
corpus/16-dates/easter.sake	ok
corpus/16-dates/fiscal_quarters.sake	ok
corpus/16-dates/iso_week.sake	ok
corpus/16-dates/meeting_scheduler.sake	exit1,ruby-differs,out-differs
corpus/16-dates/month_calendar.sake	ok
corpus/16-dates/moon_phases.sake	ok
corpus/16-dates/parking_fees.sake	ok
corpus/16-dates/project_gantt.sake	ok
corpus/16-dates/public_holidays.sake	ok
corpus/16-dates/recurring_events.sake	ok
corpus/16-dates/room_booking.sake	ok
corpus/16-dates/shift_rota.sake	ok
corpus/16-dates/time_zones.sake	ok
corpus/16-dates/timesheet.sake	ok
corpus/16-dates/timetable.sake	ok
corpus/17-encodings/ascii85.sake	ok
corpus/17-encodings/base32_ids.sake	ok
corpus/17-encodings/base64_codec.sake	ok
corpus/17-encodings/bitset.sake	ok
corpus/17-encodings/bloom_filter.sake	ok
corpus/17-encodings/caesar_cracker.sake	ok
corpus/17-encodings/check_digits.sake	ok
corpus/17-encodings/crc_catalog.sake	ok
corpus/17-encodings/frame_parser.sake	ok
corpus/17-encodings/hamming_secded.sake	ok
corpus/17-encodings/hex_dump.sake	ok
corpus/17-encodings/huffman.sake	ok
corpus/17-encodings/lzw.sake	ok
corpus/17-encodings/morse.sake	ok
corpus/17-encodings/murmur_ring.sake	ok
corpus/17-encodings/percent_encoding.sake	ok
corpus/17-encodings/playfair.sake	ok
corpus/17-encodings/protobuf_wire.sake	ok
corpus/17-encodings/raid5_parity.sake	ok
corpus/17-encodings/rolling_sync.sake	ok
corpus/17-encodings/run_length.sake	ok
corpus/17-encodings/transposition.sake	ok
corpus/17-encodings/utf8_codec.sake	ok
corpus/17-encodings/vigenere.sake	ok
corpus/17-encodings/xor_breaker.sake	ok
corpus/18-collections/access_log.sake	ok
corpus/18-collections/build_order.sake	ok
corpus/18-collections/cart_discounts.sake	ok
corpus/18-collections/contact_dedupe.sake	ok
corpus/18-collections/course_overlap.sake	ok
corpus/18-collections/friend_graph.sake	ok
corpus/18-collections/grade_book.sake	ok
corpus/18-collections/inventory_diff.sake	ok
corpus/18-collections/ip_ranges.sake	ok
corpus/18-collections/latency_buckets.sake	ok
corpus/18-collections/leaderboard.sake	ok
corpus/18-collections/library_loans.sake	ok
corpus/18-collections/lottery.sake	ok
corpus/18-collections/paginate.sake	ok
corpus/18-collections/prime_sets.sake	ok
corpus/18-collections/range_set.sake	ok
corpus/18-collections/role_permissions.sake	ok
corpus/18-collections/room_bookings.sake	ok
corpus/18-collections/sales_pivot.sake	ok
corpus/18-collections/sensor_merge.sake	ok
corpus/18-collections/sparse_vectors.sake	ok
corpus/18-collections/survey_venn.sake	ok
corpus/18-collections/tag_recommender.sake	ok
corpus/18-collections/word_pipeline.sake	ok
corpus/18-collections/word_rack.sake	ok
corpus/19-statemachines/bank_queue_sim.sake	ok
corpus/19-statemachines/bracket_checker.sake	ok
corpus/19-statemachines/button_debounce.sake	ok
corpus/19-statemachines/circuit_breaker.sake	ok
corpus/19-statemachines/csv_parser.sake	ok
corpus/19-statemachines/dfa_minimize.sake	ok
corpus/19-statemachines/divisibility_dfa.sake	ok
corpus/19-statemachines/elevator.sake	ok
corpus/19-statemachines/enemy_ai.sake	ok
corpus/19-statemachines/event_sourcing.sake	ok
corpus/19-statemachines/expr_lexer.sake	ok
corpus/19-statemachines/http_parser.sake	ok
corpus/19-statemachines/job_pipeline.sake	ok
corpus/19-statemachines/keypad_lock.sake	ok
corpus/19-statemachines/machine_mixin.sake	ok
corpus/19-statemachines/markdown_blocks.sake	ok
corpus/19-statemachines/morse_decoder.sake	ok
corpus/19-statemachines/order_workflow.sake	ok
corpus/19-statemachines/regex_nfa.sake	ok
corpus/19-statemachines/shell_words.sake	ok
corpus/19-statemachines/smtp_session.sake	ok
corpus/19-statemachines/tcp_states.sake	ok
corpus/19-statemachines/traffic_light.sake	ok
corpus/19-statemachines/turnstile.sake	ok
corpus/19-statemachines/vending_machine.sake	ok
corpus/20-business/appointment_scheduler.sake	ok
corpus/20-business/bank_ledger.sake	ok
corpus/20-business/course_enrollment.sake	ok
corpus/20-business/customer_loyalty.sake	ok
corpus/20-business/event_registration.sake	ok
corpus/20-business/expense_tracker.sake	ok
corpus/20-business/grade_book.sake	ok
corpus/20-business/gym_membership.sake	ok
corpus/20-business/hotel_billing.sake	ok
corpus/20-business/inventory_reorder.sake	ok
corpus/20-business/invoice_generator.sake	ok
corpus/20-business/library_loans.sake	ok
corpus/20-business/parking_garage.sake	ok
corpus/20-business/payroll.sake	ok
corpus/20-business/rental_fleet.sake	ok
corpus/20-business/restaurant_orders.sake	ok
corpus/20-business/room_reservations.sake	ok
corpus/20-business/sales_report.sake	ok
corpus/20-business/shopping_cart.sake	ok
corpus/20-business/subscription_billing.sake	ok
corpus/20-business/ticket_helpdesk.sake	ok
corpus/20-business/timesheet.sake	ok
corpus/20-business/todo_list.sake	ok
corpus/20-business/vendor_quotes.sake	ok
corpus/20-business/warehouse_picking.sake	ok
