# hand check of the automatic attribution: cause	path	error	verdict
V1	corpus/06-linked/merge_log_streams.rb	(122,2)-(122,6):wrong type of arguments	ok
V1	corpus/10-grids/game_2048.rb	(85,0)-(85,4):wrong type of arguments	ok
V1	corpus/02-analytics/language_guess.rb	(63,37)-(63,38):wrong type of arguments	ok
V1	corpus/10-grids/game_of_life.rb	(53,2)-(53,6):wrong type of arguments	ok
V1	corpus/02-analytics/near_duplicates.rb	(23,13)-(23,14):wrong type of arguments	ok
V1	corpus/10-grids/hex_game.rb	(123,2)-(123,6):wrong type of arguments	ok
V1	corpus/02-analytics/near_duplicates.rb	(25,5)-(25,6):wrong type of arguments	ok
V1	corpus/05-sorting/trail_peak_search.rb	(71,27)-(71,30):wrong type of arguments	ok
V2	corpus/16-dates/cron_schedule.rb	(110,34)-(110,35):undefined method: Numeric#*	ok
V2	corpus/06-linked/chained_hash_table.rb	(17,31)-(17,32):undefined method: Numeric#*	ok
V2	corpus/16-dates/day_of_week.rb	(23,38)-(23,39):undefined method: Numeric#/	ok
V2	corpus/16-dates/calendar_systems.rb	(115,37)-(115,38):undefined method: Numeric#*	ok
V2	corpus/19-statemachines/bank_queue_sim.rb	(88,19)-(88,20):undefined method: Numeric#*	ok
V2	corpus/16-dates/calendar_systems.rb	(115,69)-(115,70):undefined method: Numeric#*	ok
V2	corpus/06-linked/digit_list_bignum.rb	(74,17)-(74,18):undefined method: Numeric#*	ok
V2	corpus/02-analytics/near_duplicates.rb	(30,27)-(30,28):undefined method: Numeric#*	ok
V3	corpus/20-business/gym_membership.rb	(54,21)-(54,25):undefined method: Array[String]#to_i	ok
V3	corpus/20-business/bank_ledger.rb	(69,18)-(69,20):failed to resolve overloads	plausible (receiver comes from a multiple assignment; not traced)
V3	corpus/07-trees/dom_tree.rb	(73,13)-(73,18):undefined method: Array[String]#match	ok
V3	corpus/15-data/etl_star_schema.rb	(124,27)-(124,31):undefined method: Array[String]#to_i	ok
V3	corpus/07-trees/filesystem_du.rb	(126,14)-(126,16):failed to resolve overloads	plausible (receiver comes from a multiple assignment; not traced)
V3	corpus/15-data/etl_star_schema.rb	(124,59)-(124,63):undefined method: Array[String]#to_i	ok
V3	corpus/18-collections/sensor_merge.rb	(6,7)-(6,11):undefined method: Array[String]#to_i	ok
V3	corpus/18-collections/ip_ranges.rb	(23,12)-(23,17):undefined method: Array[String]#split	ok
V4	corpus/20-business/room_reservations.rb	(153,57)-(153,61):undefined method: Integer#slot	ok
V4	corpus/11-simulation/elevator_scan.rb	(91,30)-(91,34):undefined method: Integer#cost	ok
V4	corpus/20-business/room_reservations.rb	(153,74)-(153,77):undefined method: Integer#who	ok
V4	corpus/11-simulation/elevator_scan.rb	(91,55)-(91,57):undefined method: Integer#id	ok
V4	corpus/14-errors/job_queue.rb	(50,34)-(50,40):undefined method: Integer#run_at	ok
V4	corpus/11-simulation/elevator_scan.rb	(92,7)-(92,12):undefined method: Integer#stops	ok
V4	corpus/09-dp/longest_increasing.rb	(78,44)-(78,45):undefined method: Integer#w	ok
V4	corpus/14-errors/job_queue.rb	(52,30)-(52,36):undefined method: String#run_at	ok
module_function	corpus/06-linked/list_toolkit.rb	(173,77)-(173,89):undefined method: singleton(L)#kth_from_end	ok
module_function	corpus/10-grids/magic_square.rb	(41,10)-(41,13):failed to resolve overloads	ok
module_function	corpus/06-linked/list_toolkit.rb	(152,21)-(152,25):undefined method: singleton(L)#fold	ok
module_function	corpus/10-grids/magic_square.rb	(87,18)-(87,22):wrong type of arguments	ok
module_function	corpus/09-dp/edit_distance.rb	(38,50)-(38,56):undefined method: singleton(Costs)#delete	ok
module_function	corpus/06-linked/list_toolkit.rb	(150,21)-(150,25):undefined method: singleton(L)#show	ok
block-param-shadow	corpus/09-dp/sequence_alignment.rb	(50,14)-(50,17):failed to resolve overloads	ok
block-param-shadow	corpus/09-dp/subset_partition.rb	(39,33)-(39,36):undefined method: nil#[]	ok
block-param-shadow	corpus/20-business/appointment_scheduler.rb	(61,38)-(61,44):undefined method: nil#prefer	ok
block-param-shadow	corpus/18-collections/grade_book.rb	(27,36)-(27,39):undefined method: nil#sum	ok
block-param-shadow	corpus/09-dp/house_robber.rb	(28,16)-(28,18):undefined method: nil#>=	ok
block-param-shadow	corpus/16-dates/parking_fees.rb	(142,48)-(142,52):expected: Comparable | Array[...]; actual: nil	ok
nil?-no-narrow	corpus/07-trees/kd_tree.rb	(69,15)-(69,19):undefined method: nil#axis	ok
nil?-no-narrow	corpus/11-simulation/library_loans.rb	(97,11)-(97,19):undefined method: nil#renewals	ok
nil?-no-narrow	corpus/19-statemachines/http_parser.rb	(59,19)-(59,24):undefined method: nil#split	ok
nil?-no-narrow	corpus/07-trees/traversals.rb	(36,26)-(36,30):undefined method: nil#left	ok
nil?-no-narrow	corpus/11-simulation/vending_machine.rb	(82,9)-(82,14):undefined method: nil#count	ok
nil?-no-narrow	corpus/14-errors/job_queue.rb	(106,27)-(106,35):undefined method: nil#describe	ok
assign-in-cond-no-narrow	corpus/12-parsers/rpn_calc.rb	(51,15)-(51,18):undefined method: nil#[]	ok
assign-in-cond-no-narrow	corpus/12-parsers/assembler.rb	(51,14)-(51,17):undefined method: nil#[]	ok
assign-in-cond-no-narrow	corpus/12-parsers/forth.rb	(50,16)-(50,19):undefined method: nil#[]	ok
assign-in-cond-no-narrow	corpus/12-parsers/assembler.rb	(52,13)-(52,16):undefined method: nil#[]	ok
assign-in-cond-no-narrow	corpus/12-parsers/forth.rb	(44,48)-(44,51):undefined method: nil#[]	ok
assign-in-cond-no-narrow	corpus/01-text/date_format.rb	(97,27)-(97,30):undefined method: nil#[]	ok
lib-nilable-return	corpus/19-statemachines/regex_nfa.rb	(120,32)-(120,37):undefined method: nil#holes	ok
lib-nilable-return	corpus/08-graphs/metro_transfers.rb	(26,12)-(26,13):undefined method: nil#+	ok
lib-nilable-return	corpus/04-numeric/interval_arithmetic.rb	(143,52)-(143,57):undefined method: nil#width	unclear
lib-nilable-return	corpus/14-errors/unit_quantities.rb	(64,23)-(64,24):undefined method: nil#*	unclear
lib-nilable-return	corpus/04-numeric/interval_arithmetic.rb	(103,26)-(103,28):undefined method: nil#lo	ok
lib-nilable-return	corpus/18-collections/lottery.rb	(60,85)-(60,89):undefined method: nil#sort	ok
lib-nilable-return	corpus/07-trees/dom_tree.rb	(61,13)-(61,16):undefined method: nil#end	ok
lib-nilable-return	corpus/03-numtheory/repeating_decimals.rb	(61,55)-(61,61):undefined method: nil#length	unclear
lib-nilable-return	corpus/12-parsers/query_engine.rb	(99,17)-(99,23):undefined method: Array[String?]#upcase	wrong (String#scan result Array[String | Array[String?]]: not a nil issue)
lib-nilable-return	corpus/10-grids/flood_fill.rb	(27,34)-(27,35):undefined method: nil#<	ok
lib-nilable-return	corpus/14-errors/log_triage.rb	(55,17)-(55,22):undefined method: nil#split	ok
lib-nilable-return	corpus/03-numtheory/continued_fractions.rb	(62,10)-(62,21):undefined method: nil#denominator	unclear
lib-nilable-return	corpus/12-parsers/assembler.rb	(133,26)-(133,28):undefined method: nil#%	unclear
lib-nilable-return	corpus/13-polymorphism/color_palette.rb	(25,29)-(25,32):undefined method: nil#hex	ok
lib-nilable-return	corpus/04-numeric/root_finding.rb	(112,71)-(112,82):undefined method: nil#method_name	ok
lib-nilable-return	corpus/18-collections/paginate.rb	(92,27)-(92,30):undefined method: nil#map	ok
lib-nilable-return	corpus/14-errors/matrix_checks.rb	(78,56)-(78,57):undefined method: nil#-@	unclear
lib-nilable-return	corpus/04-numeric/linear_regression.rb	(82,61)-(82,65):undefined method: nil#temp	ok
lib-nilable-return	corpus/03-numtheory/egyptian_fractions.rb	(21,15)-(21,16):undefined method: nil#*	ok (find in a while condition)
lib-nilable-return	corpus/12-parsers/json_parser.rb	(161,16)-(161,21):undefined method: Array[String?]#match	wrong (String#scan result: not a nil issue)
user-nil	corpus/06-linked/cycle_detection.rb	(71,16)-(71,20):undefined method: nil#next	ok
user-nil	corpus/06-linked/lfu_cache_buckets.rb	(109,6)-(109,10):undefined method: nil#prev	ok
user-nil	corpus/06-linked/lru_cache.rb	(47,25)-(47,28):undefined method: nil#key	ok
user-nil	corpus/05-sorting/gift_two_pointers.rb	(116,45)-(116,48):undefined method: nil#map	ok
user-nil	corpus/15-data/metric_anomalies.rb	(97,31)-(97,32):undefined method: nil#*	ok
user-nil	corpus/06-linked/lfu_cache_buckets.rb	(81,27)-(81,30):undefined method: nil#key	ok
user-nil	corpus/08-graphs/astar_terrain.rb	(59,33)-(59,34):undefined method: nil#-	ok
user-nil	corpus/06-linked/merge_log_streams.rb	(81,16)-(81,20):undefined method: nil#next	ok
user-nil	corpus/06-linked/lru_cache.rb	(79,13)-(79,17):undefined method: nil#prev=	ok
user-nil	corpus/06-linked/cycle_detection.rb	(35,18)-(35,22):undefined method: nil#next	ok
user-nil	corpus/06-linked/two_stack_print_queue.rb	(63,20)-(63,24):undefined method: nil#rest	ok
user-nil	corpus/07-trees/bst_basic.rb	(52,22)-(52,27):undefined method: nil#value	ok
user-nil	corpus/11-simulation/order_book.rb	(45,48)-(45,49):undefined method: nil#>	ok
user-nil	corpus/08-graphs/pipeline_flow.rb	(56,16)-(56,19):undefined method: nil#[]	ok
user-nil	corpus/12-parsers/json_parser.rb	(198,37)-(198,38):... and other 1 errors	ok (nil is one value of a JSON-like container)
user-nil	corpus/04-numeric/polynomial.rb	(92,6)-(92,8):undefined method: nil#-	ok
user-nil	corpus/15-data/etl_star_schema.rb	(124,52)-(124,58):undefined method: nil#[]	ok
user-nil	corpus/06-linked/lru_cache.rb	(76,18)-(76,22):undefined method: nil#next	ok
user-nil	corpus/06-linked/markup_tag_checker.rb	(60,61)-(60,65):undefined method: nil#name	ok
user-nil	corpus/12-parsers/json_parser.rb	(201,35)-(201,44):... and other 1 errors	ok (nil is one value of a JSON-like container)
empty-arg	corpus/06-linked/sparse_polynomial.rb	(80,34)-(80,35):failed to resolve overloads	ok (cascade: the argument has no type because of an upstream failure)
empty-arg	corpus/08-graphs/floyd_transit.rb	(20,21)-(20,24):failed to resolve overloads	ok (cascade: the argument has no type because of an upstream failure)
empty-arg	corpus/08-graphs/kruskal_network.rb	(25,40)-(25,44):failed to resolve overloads	ok (cascade: the argument has no type because of an upstream failure)
empty-arg	corpus/08-graphs/kruskal_network.rb	(12,38)-(12,44):failed to resolve overloads	ok (cascade: the argument has no type because of an upstream failure)
empty-arg	corpus/04-numeric/histogram_fit.rb	(89,12)-(89,13):wrong type of arguments	ok (cascade: the argument has no type because of an upstream failure)
empty-arg	corpus/20-business/event_registration.rb	(76,12)-(76,14):failed to resolve overloads	ok (cascade: the argument has no type because of an upstream failure)
empty-arg	corpus/08-graphs/floyd_transit.rb	(21,7)-(21,10):failed to resolve overloads	ok (cascade: the argument has no type because of an upstream failure)
empty-arg	corpus/04-numeric/eigenvalues.rb	(12,19)-(12,23):wrong type of arguments	ok (cascade: the argument has no type because of an upstream failure)
empty-arg	corpus/18-collections/role_permissions.rb	(107,44)-(107,53):wrong type of arguments	ok (cascade: the argument has no type because of an upstream failure)
empty-arg	corpus/08-graphs/kruskal_network.rb	(24,11)-(24,15):failed to resolve overloads	ok (cascade: the argument has no type because of an upstream failure)
empty-arg	corpus/08-graphs/org_chart_lca.rb	(69,23)-(69,24):failed to resolve overloads	ok (cascade: the argument has no type because of an upstream failure)
empty-arg	corpus/10-grids/word_search.rb	(38,55)-(38,56):failed to resolve overloads	ok (cascade: the argument has no type because of an upstream failure)
case-in-no-narrow	corpus/19-statemachines/event_sourcing.rb	(88,34)-(88,41):undefined method: Transferred#account	ok
case-in-no-narrow	corpus/17-encodings/frame_parser.rb	(112,48)-(112,54):undefined method: Note#sensor	ok
case-in-no-narrow	corpus/04-numeric/fourier_spectrum.rb	(15,70)-(15,72):undefined method: Float#re	ok
case-in-no-narrow	corpus/13-polymorphism/duration_timesheet.rb	(43,32)-(43,36):undefined method: Integer#secs	ok
nested-destructure-param	corpus/18-collections/lottery.rb	(38,69)-(38,70):wrong type of arguments	ok
nested-destructure-param	corpus/10-grids/maze_bfs.rb	(79,50)-(79,51):undefined method: nil#-	ok
nested-destructure-param	corpus/15-data/expense_pivot.rb	(81,15)-(81,16):undefined method: nil#-	ok
nested-destructure-param	corpus/04-numeric/bezier_curves.rb	(1,64)-(1,65):undefined method: nil#-	ok
